Workbook

Sheet VJDBCore
A1: VJDBv1.0 | B1: VJDBv1.0 | C1: VJDBv1.0 | D1: VJDBv1.0 | E1: VJDBv1.0 | F1: VJDBv1.0 | G1: VJDBv0.2 | H1: VJDBv0.1 | I1: ENA | J1: RKI | K1: MIGS-VI | L1: MIGS-UViG | M1: ENV-O | N1: NCBI Virus | O1: BV-BRC | P1: ENA ERC32 | Q1: ENA ERC33 | R1: IMG/VR | S1: PHD | T1: PhiSpy | U1: GTDB | V1: ENA Submission Object | W1: VJBD Submission Object | X1: VJDBv1.0 | Y1: VJDBv1.0 | Z1: VJDBv1.0 | AA1: VJDBv1.0 | AB1: VJDBv1.0 | AC1: VJDBv1.0 | AD1: VJDBv1.0 | AE1: VJDBv0.2 | AF1: NCBI Virus | AG1: NCBI Virus | AH1: NCBI Virus | AI1: NCBI Virus | AJ1: BV-BRC | AK1: BV-BRC | AL1: BV-BRC | AM1: BV-BRC | AN1: BV-BRC | AO1: BV-BRC | AP1: ENA ERC32 | AQ1: ENA ERC32 | AR1: ENA ERC32 | AS1: ENA ERC33 | AT1: ENA ERC33 | AU1: ENA ERC33 | AV1: ENA | AW1: VJDB | AX1: VJDB | AY1: VJDB | AZ1: ENA | BA1: ENA | BB1: ICTV40 | BC1: VJDBv1.0 | BD1: VJDBv1.0 | BE1: VJDBv1.0
A2: Field Index | B2: Field ID | C2: Name | D2: Description | E2: fields_type | F2: Privacy | G2: Field ID | H2: Field ID | I2: Field ID | J2: Field ID | K2: Field ID | L2: Field ID | M2: Field ID | N2: N Nucleotide Field ID | O2: B Field Name | P2: Field Name | Q2: Field Name | R2: Field Name | S2: Field Name | T2: Field Name | U2: Field Name | V2: Object Name | W2: Object Name | X2: group1 | Y2: group2 | Z2: group3 | AA2: Tags | AB2: Input Source | AC2: Notes | AD2: changes | AE2: previous changes | AF2: N Field Name | AG2: N Field Description | AH2: N Type | AI2: N Curation Notes | AJ2: B Category | AK2: B Schema Category | AL2: B Field ID | AM2: B Field Type | AN2: B Type | AO2: B Curation Notes | AP2: Field Description | AQ2: Controlled vocabulary | AR2: Field Type | AS2: Field Description | AT2: Controlled vocabulary | AU2: Field Type | AV2: submission requiredness | AW2: submission requiredness | AX2: Example | AY2: Validation Rules | AZ2: submission fieldtype | BA2: submission validation | BB2: I Field Name | BC2: Index | BD2: Search Method | BE2: default search
A3: =_xlfn.TEXTJOIN(" ", TRUE, LOWER(A1), LOWER(A2)) -> vjdbv1.0 field index | B3: =_xlfn.TEXTJOIN(" ", TRUE, LOWER(B1), LOWER(B2)) -> vjdbv1.0 field id | C3: =_xlfn.TEXTJOIN(" ", TRUE, LOWER(C1), LOWER(C2)) -> vjdbv1.0 name | D3: =_xlfn.TEXTJOIN(" ", TRUE, LOWER(D1), LOWER(D2)) -> vjdbv1.0 description | E3: =_xlfn.TEXTJOIN(" ", TRUE, LOWER(E1), LOWER(E2)) -> vjdbv1.0 fields_type | F3: =_xlfn.TEXTJOIN(" ", TRUE, LOWER(F1), LOWER(F2)) -> vjdbv1.0 privacy | G3: =_xlfn.TEXTJOIN(" ", TRUE, LOWER(G1), LOWER(G2)) -> vjdbv0.2 field id | H3: =_xlfn.TEXTJOIN(" ", TRUE, LOWER(H1), LOWER(H2)) -> vjdbv0.1 field id | ... BE3: =_xlfn.TEXTJOIN(" ", TRUE, LOWER(BE1), LOWER(BE2)) -> vjdbv1.0 default search
A4: =SUBSTITUTE(A3, " ", "_") -> vjdbv1.0_field_index | B4: =SUBSTITUTE(B3, " ", "_") -> vjdbv1.0_field_id | C4: =SUBSTITUTE(C3, " ", "_") -> vjdbv1.0_name | D4: =SUBSTITUTE(D3, " ", "_") -> vjdbv1.0_description | E4: =SUBSTITUTE(E3, " ", "_") -> vjdbv1.0_fields_type | F4: =SUBSTITUTE(F3, " ", "_") -> vjdbv1.0_privacy | G4: =SUBSTITUTE(G3, " ", "_") -> vjdbv0.2__field_id | H4: =SUBSTITUTE(H3, " ", "_") -> vjdbv0.1_field_id | ... BE4: =SUBSTITUTE(BE3, " ", "_") -> vjdbv1.0_default_search
A5: 0ag | B5: =LOWER( IF( RIGHT( SUBSTITUTE(SUBSTITUTE(SUBSTITUTE(SUBSTITUTE(SUBSTITUTE(SUBSTITUTE(SUBSTITUTE(C5,"(","_"),")","_"),"/","_"),":","_"),"-","_")," ","_"),"__","_"), 1 )="_", LEFT( SUBSTITUTE(SUBSTITUTE(SUBSTITUTE(SUBSTITUTE(SUBSTITUTE(SUBSTITUTE(SUBSTITUTE(C5,"(","_"),")","_"),"/","_"),":","_"),"-","_")," ","_"),"__","_"), LEN( SUBSTITUTE(SUBSTITUTE(SUBSTITUTE(SUBSTITUTE(SUBSTITUTE(SUBSTITUTE(SUBSTITUTE(C5,"(","_"),")","_"),"/","_"),":","_"),"-","_")," ","_"),"__","_") )-1 ), SUBSTITUTE(SUBSTITUTE(SUBSTITUTE(SUBSTITUTE(SUBSTITUTE(SUBSTITUTE(SUBSTITUTE(C5,"(","_"),")","_"),"/","_"),":","_"),"-","_")," ","_"),"__","_") ) ) -> genbank_title | C5: GenBank Title | D5: Genbank title of the sequence. | E5: text | F5: internal | G5: sequence_title | N5: GenBank_Title | X5: Sample | Y5: Sequence | AA5: ="[" & _xlfn.TEXTJOIN(", ", TRUE, IF(I5<>"", """" & I$1 & """", ""), IF(J5<>"", """" & J$1 & """", ""), IF(K5<>"", """" & K$1 & """", ""), IF(L5<>"", """" & L$1 & """", ""), IF(M5<>"", """" & M$1 & """", ""), IF(N5<>"", """" & N$1 & """", ""), IF(O5<>"", """" & O$1 & """", ""), IF(P5<>"", """" & P$1 & """", ""), IF(Q5<>"", """" & Q$1 & """", ""), IF(R5<>"", """" & R$1 & """", ""), IF(S5<>"", """" & S$1 & """", ""), IF(T5<>"", """" & T$1 & """", ""), IF(U5<>"", """" & U$1 & """", ""), IF(X5<>"", """" & X5 & """", ""), IF(V5<>"", """" & V5 & """", ""), IF(W5<>"", """" & W5 & """", ""), IF(Y5<>"", """" & Y5 & """", ""), IF(Z5<>"", """" & Z5 & """", "") ) & "]" -> ["NCBI Virus", "Sample", "Sequence"] | AB5: NCBI Virus | AC5: no example needed | AF5: GenBank Title | AG5: The title of the GenBank record associated with the sequence. | AZ5: text | BA5: freetext | BC5: metadata | BD5: full fuzzy
A6: 0aj | B6: =LOWER( IF( RIGHT( SUBSTITUTE(SUBSTITUTE(SUBSTITUTE(SUBSTITUTE(SUBSTITUTE(SUBSTITUTE(SUBSTITUTE(C6,"(","_"),")","_"),"/","_"),":","_"),"-","_")," ","_"),"__","_"), 1 )="_", LEFT( SUBSTITUTE(SUBSTITUTE(SUBSTITUTE(SUBSTITUTE(SUBSTITUTE(SUBSTITUTE(SUBSTITUTE(C6,"(","_"),")","_"),"/","_"),":","_"),"-","_")," ","_"),"__","_"), LEN( SUBSTITUTE(SUBSTITUTE(SUBSTITUTE(SUBSTITUTE(SUBSTITUTE(SUBSTITUTE(SUBSTITUTE(C6,"(","_"),")","_"),"/","_"),":","_"),"-","_")," ","_"),"__","_") )-1 ), SUBSTITUTE(SUBSTITUTE(SUBSTITUTE(SUBSTITUTE(SUBSTITUTE(SUBSTITUTE(SUBSTITUTE(C6,"(","_"),")","_"),"/","_"),":","_"),"-","_")," ","_"),"__","_") ) ) -> city | C6: City | D6: City where the sample the sequence originates from was collected or sampled. | E6: text | F6: internal | G6: collection_city | I6: geographic location (region and locality) | N6: Geo_Location | X6: Sample | Y6: Collection | AA6: ="[" & _xlfn.TEXTJOIN(", ", TRUE, IF(I6<>"", """" & I$1 & """", ""), IF(J6<>"", """" & J$1 & """", ""), IF(K6<>"", """" & K$1 & """", ""), IF(L6<>"", """" & L$1 & """", ""), IF(M6<>"", """" & M$1 & """", ""), IF(N6<>"", """" & N$1 & """", ""), IF(O6<>"", """" & O$1 & """", ""), IF(P6<>"", """" & P$1 & """", ""), IF(Q6<>"", """" & Q$1 & """", ""), IF(R6<>"", """" & R$1 & """", ""), IF(S6<>"", """" & S$1 & """", ""), IF(T6<>"", """" & T$1 & """", ""), IF(U6<>"", """" & U$1 & """", ""), IF(X6<>"", """" & X6 & """", ""), IF(V6<>"", """" & V6 & """", ""), IF(W6<>"", """" & W6 & """", ""), IF(Y6<>"", """" & Y6 & """", ""), IF(Z6<>"", """" & Z6 & """", "") ) & "]" -> ["ENA", "NCBI Virus", "Sample", "Collection"] | AB6: NCBI Virus | AE6: Not in VJDB, Completly new due to byCovid | AF6: Geo Location | AG6: The geographic location where the virus was isolated. NCBI Virus relies solely on the information provided by submitters, which may sometimes mistakenly identify regions where sequences were processed instead of the actual collection locations. The granularity of the information displayed in the column depends on the submitter. For example, it can be "Australia: Heron Island, Great Barrier Reef", or just "China". The country and other geographic location names are based on the INSDC Geographic Location list. | AI6: split Geo_Location and compare to collection_country , ingest to collection_region and collection_city | AV6: recommended | AW6: recommended | AX6: Jena | AY6: Defined list of Cities (!) | AZ6: text | BA6: freetext | BC6: metadata | BD6: full fuzzy
A7: 0ap | B7: =LOWER( IF( RIGHT( SUBSTITUTE(SUBSTITUTE(SUBSTITUTE(SUBSTITUTE(SUBSTITUTE(SUBSTITUTE(SUBSTITUTE(C7,"(","_"),")","_"),"/","_"),":","_"),"-","_")," ","_"),"__","_"), 1 )="_", LEFT( SUBSTITUTE(SUBSTITUTE(SUBSTITUTE(SUBSTITUTE(SUBSTITUTE(SUBSTITUTE(SUBSTITUTE(C7,"(","_"),")","_"),"/","_"),":","_"),"-","_")," ","_"),"__","_"), LEN( SUBSTITUTE(SUBSTITUTE(SUBSTITUTE(SUBSTITUTE(SUBSTITUTE(SUBSTITUTE(SUBSTITUTE(C7,"(","_"),")","_"),"/","_"),":","_"),"-","_")," ","_"),"__","_") )-1 ), SUBSTITUTE(SUBSTITUTE(SUBSTITUTE(SUBSTITUTE(SUBSTITUTE(SUBSTITUTE(SUBSTITUTE(C7,"(","_"),")","_"),"/","_"),":","_"),"-","_")," ","_"),"__","_") ) ) -> genome_completeness_percentage | C7: Genome Completeness Percentage | D7: The level of the sequence completeness compare to the representative sequence in refseq in percentage | E7: float | F7: internal | X7: Sample | Z7: Workflows | AA7: ="[" & _xlfn.TEXTJOIN(", ", TRUE, IF(I7<>"", """" & I$1 & """", ""), IF(J7<>"", """" & J$1 & """", ""), IF(K7<>"", """" & K$1 & """", ""), IF(L7<>"", """" & L$1 & """", ""), IF(M7<>"", """" & M$1 & """", ""), IF(N7<>"", """" & N$1 & """", ""), IF(O7<>"", """" & O$1 & """", ""), IF(P7<>"", """" & P$1 & """", ""), IF(Q7<>"", """" & Q$1 & """", ""), IF(R7<>"", """" & R$1 & """", ""), IF(S7<>"", """" & S$1 & """", ""), IF(T7<>"", """" & T$1 & """", ""), IF(U7<>"", """" & U$1 & """", ""), IF(X7<>"", """" & X7 & """", ""), IF(V7<>"", """" & V7 & """", ""), IF(W7<>"", """" & W7 & """", ""), IF(Y7<>"", """" & Y7 & """", ""), IF(Z7<>"", """" & Z7 & """", "") ) & "]" -> ["Sample", "Workflows"] | BC7: metadata | BD7: range
A8: 0ax | B8: =LOWER( IF( RIGHT( SUBSTITUTE(SUBSTITUTE(SUBSTITUTE(SUBSTITUTE(SUBSTITUTE(SUBSTITUTE(SUBSTITUTE(C8,"(","_"),")","_"),"/","_"),":","_"),"-","_")," ","_"),"__","_"), 1 )="_", LEFT( SUBSTITUTE(SUBSTITUTE(SUBSTITUTE(SUBSTITUTE(SUBSTITUTE(SUBSTITUTE(SUBSTITUTE(C8,"(","_"),")","_"),"/","_"),":","_"),"-","_")," ","_"),"__","_"), LEN( SUBSTITUTE(SUBSTITUTE(SUBSTITUTE(SUBSTITUTE(SUBSTITUTE(SUBSTITUTE(SUBSTITUTE(C8,"(","_"),")","_"),"/","_"),":","_"),"-","_")," ","_"),"__","_") )-1 ), SUBSTITUTE(SUBSTITUTE(SUBSTITUTE(SUBSTITUTE(SUBSTITUTE(SUBSTITUTE(SUBSTITUTE(C8,"(","_"),")","_"),"/","_"),":","_"),"-","_")," ","_"),"__","_") ) ) -> ncbi_usa | C8: NCBI USA | D8: State/Region where the sample the sequence originates from was collected/sampled. | E8: keyword | F8: internal | N8: USA | X8: Sample | Y8: Collection | AA8: ="[" & _xlfn.TEXTJOIN(", ", TRUE, IF(I8<>"", """" & I$1 & """", ""), IF(J8<>"", """" & J$1 & """", ""), IF(K8<>"", """" & K$1 & """", ""), IF(L8<>"", """" & L$1 & """", ""), IF(M8<>"", """" & M$1 & """", ""), IF(N8<>"", """" & N$1 & """", ""), IF(O8<>"", """" & O$1 & """", ""), IF(P8<>"", """" & P$1 & """", ""), IF(Q8<>"", """" & Q$1 & """", ""), IF(R8<>"", """" & R$1 & """", ""), IF(S8<>"", """" & S$1 & """", ""), IF(T8<>"", """" & T$1 & """", ""), IF(U8<>"", """" & U$1 & """", ""), IF(X8<>"", """" & X8 & """", ""), IF(V8<>"", """" & V8 & """", ""), IF(W8<>"", """" & W8 & """", ""), IF(Y8<>"", """" & Y8 & """", ""), IF(Z8<>"", """" & Z8 & """", "") ) & "]" -> ["NCBI Virus", "Sample", "Collection"] | AB8: NCBI Virus | AC8: This is defined different from the duplicate below. Meaning for submission Tool was to have a geographical level higher than countries (continents). We keep it (mostly redundant), might be useful for later curation; | AD8: collection_region | AF8: USA | AG8: The name of US state, if sample was collected in USA. | AI8: concatenate to collection_region | AX8: NY; FL | AY8: State abbreviation(!) | AZ8: combo | BA8: controlled_vocabulary | BC8: metadata | BD8: exact
A9: 0ay | B9: =LOWER( IF( RIGHT( SUBSTITUTE(SUBSTITUTE(SUBSTITUTE(SUBSTITUTE(SUBSTITUTE(SUBSTITUTE(SUBSTITUTE(C9,"(","_"),")","_"),"/","_"),":","_"),"-","_")," ","_"),"__","_"), 1 )="_", LEFT( SUBSTITUTE(SUBSTITUTE(SUBSTITUTE(SUBSTITUTE(SUBSTITUTE(SUBSTITUTE(SUBSTITUTE(C9,"(","_"),")","_"),"/","_"),":","_"),"-","_")," ","_"),"__","_"), LEN( SUBSTITUTE(SUBSTITUTE(SUBSTITUTE(SUBSTITUTE(SUBSTITUTE(SUBSTITUTE(SUBSTITUTE(C9,"(","_"),")","_"),"/","_"),":","_"),"-","_")," ","_"),"__","_") )-1 ), SUBSTITUTE(SUBSTITUTE(SUBSTITUTE(SUBSTITUTE(SUBSTITUTE(SUBSTITUTE(SUBSTITUTE(C9,"(","_"),")","_"),"/","_"),":","_"),"-","_")," ","_"),"__","_") ) ) -> analysis_accession | C9: Analysis Accession | D9: ENA analysis object Accession. | E9: keyword | F9: internal | G9: analysis_accession_id | I9: analysis accession | V9: ENA Analysis | W9: VJDB Analysis | X9: Organizational | Y9: Identifiers | AA9: ="[" & _xlfn.TEXTJOIN(", ", TRUE, IF(I9<>"", """" & I$1 & """", ""), IF(J9<>"", """" & J$1 & """", ""), IF(K9<>"", """" & K$1 & """", ""), IF(L9<>"", """" & L$1 & """", ""), IF(M9<>"", """" & M$1 & """", ""), IF(N9<>"", """" & N$1 & """", ""), IF(O9<>"", """" & O$1 & """", ""), IF(P9<>"", """" & P$1 & """", ""), IF(Q9<>"", """" & Q$1 & """", ""), IF(R9<>"", """" & R$1 & """", ""), IF(S9<>"", """" & S$1 & """", ""), IF(T9<>"", """" & T$1 & """", ""), IF(U9<>"", """" & U$1 & """", ""), IF(X9<>"", """" & X9 & """", ""), IF(V9<>"", """" & V9 & """", ""), IF(W9<>"", """" & W9 & """", ""), IF(Y9<>"", """" & Y9 & """", ""), IF(Z9<>"", """" & Z9 & """", "") ) & "]" -> ["ENA", "Organizational", "ENA Analysis", "VJDB Analysis", "Identifiers"] | AC9: no example needed | AD9: keep internally | AE9: Not in VJDB, Completly new due to byCovid | AZ9: text | BA9: unique | BC9: metadata | BD9: exact
A10: 0be | B10: =LOWER( IF( RIGHT( SUBSTITUTE(SUBSTITUTE(SUBSTITUTE(SUBSTITUTE(SUBSTITUTE(SUBSTITUTE(SUBSTITUTE(C10,"(","_"),")","_"),"/","_"),":","_"),"-","_")," ","_"),"__","_"), 1 )="_", LEFT( SUBSTITUTE(SUBSTITUTE(SUBSTITUTE(SUBSTITUTE(SUBSTITUTE(SUBSTITUTE(SUBSTITUTE(C10,"(","_"),")","_"),"/","_"),":","_"),"-","_")," ","_"),"__","_"), LEN( SUBSTITUTE(SUBSTITUTE(SUBSTITUTE(SUBSTITUTE(SUBSTITUTE(SUBSTITUTE(SUBSTITUTE(C10,"(","_"),")","_"),"/","_"),":","_"),"-","_")," ","_"),"__","_") )-1 ), SUBSTITUTE(SUBSTITUTE(SUBSTITUTE(SUBSTITUTE(SUBSTITUTE(SUBSTITUTE(SUBSTITUTE(C10,"(","_"),")","_"),"/","_"),":","_"),"-","_")," ","_"),"__","_") ) ) -> collecting_organization | C10: Collecting Organization | D10: Name of the institution/affiliation to which the person collecting the sample belongs | E10: text | F10: internal | G10: collecting_institute | I10: collecting institution | P10: collecting institution | Q10: collecting institution | V10: ENA Sample | W10: VJDB Sample | X10: Sample | Y10: Collection | AA10: ="[" & _xlfn.TEXTJOIN(", ", TRUE, IF(I10<>"", """" & I$1 & """", ""), IF(J10<>"", """" & J$1 & """", ""), IF(K10<>"", """" & K$1 & """", ""), IF(L10<>"", """" & L$1 & """", ""), IF(M10<>"", """" & M$1 & """", ""), IF(N10<>"", """" & N$1 & """", ""), IF(O10<>"", """" & O$1 & """", ""), IF(P10<>"", """" & P$1 & """", ""), IF(Q10<>"", """" & Q$1 & """", ""), IF(R10<>"", """" & R$1 & """", ""), IF(S10<>"", """" & S$1 & """", ""), IF(T10<>"", """" & T$1 & """", ""), IF(U10<>"", """" & U$1 & """", ""), IF(X10<>"", """" & X10 & """", ""), IF(V10<>"", """" & V10 & """", ""), IF(W10<>"", """" & W10 & """", ""), IF(Y10<>"", """" & Y10 & """", ""), IF(Z10<>"", """" & Z10 & """", "") ) & "]" -> ["ENA", "ENA ERC32", "ENA ERC33", "Sample", "ENA Sample", "VJDB Sample", "Collection"] | AC10: conform with submitter organization; not sure | AD10: keep internally | AE10: Not in VJDB, Completly new due to byCovid | AP10: (Mandatory) Name of the institution to which the person collecting the specimen belongs. format: institute name, institute address | AS10: (Mandatory) Name of the institution to which the person collecting the specimen belongs. format: institute name, institute address | AU10: TEXT_AREA_FIELD | AV10: mandatory | AW10: mandatory | AY10: Free text | AZ10: text | BA10: freetext | BC10: metadata | BD10: full fuzzy
A11: 0bf | B11: =LOWER( IF( RIGHT( SUBSTITUTE(SUBSTITUTE(SUBSTITUTE(SUBSTITUTE(SUBSTITUTE(SUBSTITUTE(SUBSTITUTE(C11,"(","_"),")","_"),"/","_"),":","_"),"-","_")," ","_"),"__","_"), 1 )="_", LEFT( SUBSTITUTE(SUBSTITUTE(SUBSTITUTE(SUBSTITUTE(SUBSTITUTE(SUBSTITUTE(SUBSTITUTE(C11,"(","_"),")","_"),"/","_"),":","_"),"-","_")," ","_"),"__","_"), LEN( SUBSTITUTE(SUBSTITUTE(SUBSTITUTE(SUBSTITUTE(SUBSTITUTE(SUBSTITUTE(SUBSTITUTE(C11,"(","_"),")","_"),"/","_"),":","_"),"-","_")," ","_"),"__","_") )-1 ), SUBSTITUTE(SUBSTITUTE(SUBSTITUTE(SUBSTITUTE(SUBSTITUTE(SUBSTITUTE(SUBSTITUTE(C11,"(","_"),")","_"),"/","_"),":","_"),"-","_")," ","_"),"__","_") ) ) -> host_health_state | C11: Host Health State | D11: Health state of the host at the time of sample collection, e.g. diseased or healthy | E11: text | F11: internal | G11: collection_host_health_state | I11: host health state | P11: host health state | Q11: host health state | V11: ENA Sample | W11: VJDB Sample | X11: Host | Y11: Collection | AA11: ="[" & _xlfn.TEXTJOIN(", ", TRUE, IF(I11<>"", """" & I$1 & """", ""), IF(J11<>"", """" & J$1 & """", ""), IF(K11<>"", """" & K$1 & """", ""), IF(L11<>"", """" & L$1 & """", ""), IF(M11<>"", """" & M$1 & """", ""), IF(N11<>"", """" & N$1 & """", ""), IF(O11<>"", """" & O$1 & """", ""), IF(P11<>"", """" & P$1 & """", ""), IF(Q11<>"", """" & Q$1 & """", ""), IF(R11<>"", """" & R$1 & """", ""), IF(S11<>"", """" & S$1 & """", ""), IF(T11<>"", """" & T$1 & """", ""), IF(U11<>"", """" & U$1 & """", ""), IF(X11<>"", """" & X11 & """", ""), IF(V11<>"", """" & V11 & """", ""), IF(W11<>"", """" & W11 & """", ""), IF(Y11<>"", """" & Y11 & """", ""), IF(Z11<>"", """" & Z11 & """", "") ) & "]" -> ["ENA", "ENA ERC32", "ENA ERC33", "Host", "ENA Sample", "VJDB Sample", "Collection"] | AD11: keep internally | AE11: Not in VJDB, Completly new due to byCovid | AP11: (Mandatory) Health status of the host at the time of sample collection. | AS11: (Mandatory) Health status of the host at the time of sample collection. | AU11: TEXT_CHOICE_FIELD | AV11: mandatory | AW11: mandatory | AX11: diseased; healthy | AY11: Defined list of values, provided by the ENA | AZ11: combo | BA11: controlled_vocabulary | BC11: metadata | BD11: exact fuzzy
A12: 0bg | B12: =LOWER( IF( RIGHT( SUBSTITUTE(SUBSTITUTE(SUBSTITUTE(SUBSTITUTE(SUBSTITUTE(SUBSTITUTE(SUBSTITUTE(C12,"(","_"),")","_"),"/","_"),":","_"),"-","_")," ","_"),"__","_"), 1 )="_", LEFT( SUBSTITUTE(SUBSTITUTE(SUBSTITUTE(SUBSTITUTE(SUBSTITUTE(SUBSTITUTE(SUBSTITUTE(C12,"(","_"),")","_"),"/","_"),":","_"),"-","_")," ","_"),"__","_"), LEN( SUBSTITUTE(SUBSTITUTE(SUBSTITUTE(SUBSTITUTE(SUBSTITUTE(SUBSTITUTE(SUBSTITUTE(C12,"(","_"),")","_"),"/","_"),":","_"),"-","_")," ","_"),"__","_") )-1 ), SUBSTITUTE(SUBSTITUTE(SUBSTITUTE(SUBSTITUTE(SUBSTITUTE(SUBSTITUTE(SUBSTITUTE(C12,"(","_"),")","_"),"/","_"),":","_"),"-","_")," ","_"),"__","_") ) ) -> latitude | C12: Latitude | D12: The geographic location by latitude, where the sample the sequence originates from was collected/sampled. (DD) | E12: keyword | F12: internal | G12: collection_location_latitude | I12: geographic location (latitude) | K12: lat_lon | P12: geographic location (latitude) | Q12: geographic location (latitude) | V12: ENA Sample | W12: VJDB Sample | X12: Sample | Y12: Collection | AA12: ="[" & _xlfn.TEXTJOIN(", ", TRUE, IF(I12<>"", """" & I$1 & """", ""), IF(J12<>"", """" & J$1 & """", ""), IF(K12<>"", """" & K$1 & """", ""), IF(L12<>"", """" & L$1 & """", ""), IF(M12<>"", """" & M$1 & """", ""), IF(N12<>"", """" & N$1 & """", ""), IF(O12<>"", """" & O$1 & """", ""), IF(P12<>"", """" & P$1 & """", ""), IF(Q12<>"", """" & Q$1 & """", ""), IF(R12<>"", """" & R$1 & """", ""), IF(S12<>"", """" & S$1 & """", ""), IF(T12<>"", """" & T$1 & """", ""), IF(U12<>"", """" & U$1 & """", ""), IF(X12<>"", """" & X12 & """", ""), IF(V12<>"", """" & V12 & """", ""), IF(W12<>"", """" & W12 & """", ""), IF(Y12<>"", """" & Y12 & """", ""), IF(Z12<>"", """" & Z12 & """", "") ) & "]" -> ["ENA", "MIGS-VI", "ENA ERC32", "ENA ERC33", "Sample", "ENA Sample", "VJDB Sample", "Collection"] | AD12: keep internally | AE12: Not in VJDB, Completly new due to byCovid | AP12: (Recommended) The geographical origin of the sample as defined by latitude. the values should be reported in decimal degrees and in wgs84 system (Units: DD) | AS12: (Recommended) The geographical origin of the sample as defined by latitude. the values should be reported in decimal degrees and in wgs84 system Units: | AU12: TEXT_FIELD | AV12: recommended | AW12: recommended | AX12: -18.54; 68.277 | AY12: Coordinates in DD format. Decimal number between -90 and 90. 90 and -90 work without decimals. | AZ12: text | BA12: unique | BC12: metadata | BD12: exact
A13: 0bh | B13: =LOWER( IF( RIGHT( SUBSTITUTE(SUBSTITUTE(SUBSTITUTE(SUBSTITUTE(SUBSTITUTE(SUBSTITUTE(SUBSTITUTE(C13,"(","_"),")","_"),"/","_"),":","_"),"-","_")," ","_"),"__","_"), 1 )="_", LEFT( SUBSTITUTE(SUBSTITUTE(SUBSTITUTE(SUBSTITUTE(SUBSTITUTE(SUBSTITUTE(SUBSTITUTE(C13,"(","_"),")","_"),"/","_"),":","_"),"-","_")," ","_"),"__","_"), LEN( SUBSTITUTE(SUBSTITUTE(SUBSTITUTE(SUBSTITUTE(SUBSTITUTE(SUBSTITUTE(SUBSTITUTE(C13,"(","_"),")","_"),"/","_"),":","_"),"-","_")," ","_"),"__","_") )-1 ), SUBSTITUTE(SUBSTITUTE(SUBSTITUTE(SUBSTITUTE(SUBSTITUTE(SUBSTITUTE(SUBSTITUTE(C13,"(","_"),")","_"),"/","_"),":","_"),"-","_")," ","_"),"__","_") ) ) -> longitude | C13: Longitude | D13: The geographic location by longitude, where the sample the sequence originates from was collected/sampled. (DD) | E13: keyword | F13: internal | G13: collection_location_longitude | I13: geographic location (longitude) | K13: lat_lon | P13: geographic location (longitude) | Q13: geographic location (longitude) | V13: ENA Sample | W13: VJDB Sample | X13: Sample | Y13: Collection | AA13: ="[" & _xlfn.TEXTJOIN(", ", TRUE, IF(I13<>"", """" & I$1 & """", ""), IF(J13<>"", """" & J$1 & """", ""), IF(K13<>"", """" & K$1 & """", ""), IF(L13<>"", """" & L$1 & """", ""), IF(M13<>"", """" & M$1 & """", ""), IF(N13<>"", """" & N$1 & """", ""), IF(O13<>"", """" & O$1 & """", ""), IF(P13<>"", """" & P$1 & """", ""), IF(Q13<>"", """" & Q$1 & """", ""), IF(R13<>"", """" & R$1 & """", ""), IF(S13<>"", """" & S$1 & """", ""), IF(T13<>"", """" & T$1 & """", ""), IF(U13<>"", """" & U$1 & """", ""), IF(X13<>"", """" & X13 & """", ""), IF(V13<>"", """" & V13 & """", ""), IF(W13<>"", """" & W13 & """", ""), IF(Y13<>"", """" & Y13 & """", ""), IF(Z13<>"", """" & Z13 & """", "") ) & "]" -> ["ENA", "MIGS-VI", "ENA ERC32", "ENA ERC33", "Sample", "ENA Sample", "VJDB Sample", "Collection"] | AD13: keep internally | AE13: Not in VJDB, Completly new due to byCovid | AP13: (Recommended) The geographical origin of the sample as defined by longitude. the values should be reported in decimal degrees and in wgs84 system (Units: DD) | AS13: (Recommended) The geographical origin of the sample as defined by longitude. the values should be reported in decimal degrees and in wgs84 system Units: | AU13: TEXT_FIELD | AV13: recommended | AW13: recommended | AX13: -102.35; 22.6 | AY13: Coordinates in DD format. Decimal number between -180 and 180. 180 and -180 work without decimals. | AZ13: text | BA13: unique | BC13: metadata | BD13: exact
A14: 0bi | B14: =LOWER( IF( RIGHT( SUBSTITUTE(SUBSTITUTE(SUBSTITUTE(SUBSTITUTE(SUBSTITUTE(SUBSTITUTE(SUBSTITUTE(C14,"(","_"),")","_"),"/","_"),":","_"),"-","_")," ","_"),"__","_"), 1 )="_", LEFT( SUBSTITUTE(SUBSTITUTE(SUBSTITUTE(SUBSTITUTE(SUBSTITUTE(SUBSTITUTE(SUBSTITUTE(C14,"(","_"),")","_"),"/","_"),":","_"),"-","_")," ","_"),"__","_"), LEN( SUBSTITUTE(SUBSTITUTE(SUBSTITUTE(SUBSTITUTE(SUBSTITUTE(SUBSTITUTE(SUBSTITUTE(C14,"(","_"),")","_"),"/","_"),":","_"),"-","_")," ","_"),"__","_") )-1 ), SUBSTITUTE(SUBSTITUTE(SUBSTITUTE(SUBSTITUTE(SUBSTITUTE(SUBSTITUTE(SUBSTITUTE(C14,"(","_"),")","_"),"/","_"),":","_"),"-","_")," ","_"),"__","_") ) ) -> collection_region | C14: Collection Region | D14: Continent where the sample the sequence originates from was collected/sampled. | E14: text | F14: internal | G14: collection_region | X14: Sample | Y14: Collection | AA14: ="[" & _xlfn.TEXTJOIN(", ", TRUE, IF(I14<>"", """" & I$1 & """", ""), IF(J14<>"", """" & J$1 & """", ""), IF(K14<>"", """" & K$1 & """", ""), IF(L14<>"", """" & L$1 & """", ""), IF(M14<>"", """" & M$1 & """", ""), IF(N14<>"", """" & N$1 & """", ""), IF(O14<>"", """" & O$1 & """", ""), IF(P14<>"", """" & P$1 & """", ""), IF(Q14<>"", """" & Q$1 & """", ""), IF(R14<>"", """" & R$1 & """", ""), IF(S14<>"", """" & S$1 & """", ""), IF(T14<>"", """" & T$1 & """", ""), IF(U14<>"", """" & U$1 & """", ""), IF(X14<>"", """" & X14 & """", ""), IF(V14<>"", """" & V14 & """", ""), IF(W14<>"", """" & W14 & """", ""), IF(Y14<>"", """" & Y14 & """", ""), IF(Z14<>"", """" & Z14 & """", "") ) & "]" -> ["Sample", "Collection"] | AB14: no source | AC14: Region unclear -> Check again where it came from, recheck naming and vocabulary, INSDC country list contains the oceans; Name suggestions macroregion or georegion; no direct source but constructable (group countries into clusters); | AD14: remove | AX14: Asia | AY14: Defined list fo regions(!) | AZ14: text | BA14: freetext | BC14: metadata | BD14: full fuzzy
A15: 0bj | B15: =LOWER( IF( RIGHT( SUBSTITUTE(SUBSTITUTE(SUBSTITUTE(SUBSTITUTE(SUBSTITUTE(SUBSTITUTE(SUBSTITUTE(C15,"(","_"),")","_"),"/","_"),":","_"),"-","_")," ","_"),"__","_"), 1 )="_", LEFT( SUBSTITUTE(SUBSTITUTE(SUBSTITUTE(SUBSTITUTE(SUBSTITUTE(SUBSTITUTE(SUBSTITUTE(C15,"(","_"),")","_"),"/","_"),":","_"),"-","_")," ","_"),"__","_"), LEN( SUBSTITUTE(SUBSTITUTE(SUBSTITUTE(SUBSTITUTE(SUBSTITUTE(SUBSTITUTE(SUBSTITUTE(C15,"(","_"),")","_"),"/","_"),":","_"),"-","_")," ","_"),"__","_") )-1 ), SUBSTITUTE(SUBSTITUTE(SUBSTITUTE(SUBSTITUTE(SUBSTITUTE(SUBSTITUTE(SUBSTITUTE(C15,"(","_"),")","_"),"/","_"),":","_"),"-","_")," ","_"),"__","_") ) ) -> collection_source_environment | C15: Collection Source Environment | D15: Describes the physical, environmental or local geographical source of the sample, e.g. soil | E15: text | F15: internal | G15: collection_source_environment | H15: host_tissue | I15: isolation source non-host-associated | K15: env_medium? more or less | P15: isolation source non-host-associated | Q15: isolation source non-host-associated | V15: ENA Sample | W15: VJDB Sample | X15: Sample | Y15: Collection | AA15: ="[" & _xlfn.TEXTJOIN(", ", TRUE, IF(I15<>"", """" & I$1 & """", ""), IF(J15<>"", """" & J$1 & """", ""), IF(K15<>"", """" & K$1 & """", ""), IF(L15<>"", """" & L$1 & """", ""), IF(M15<>"", """" & M$1 & """", ""), IF(N15<>"", """" & N$1 & """", ""), IF(O15<>"", """" & O$1 & """", ""), IF(P15<>"", """" & P$1 & """", ""), IF(Q15<>"", """" & Q$1 & """", ""), IF(R15<>"", """" & R$1 & """", ""), IF(S15<>"", """" & S$1 & """", ""), IF(T15<>"", """" & T$1 & """", ""), IF(U15<>"", """" & U$1 & """", ""), IF(X15<>"", """" & X15 & """", ""), IF(V15<>"", """" & V15 & """", ""), IF(W15<>"", """" & W15 & """", ""), IF(Y15<>"", """" & Y15 & """", ""), IF(Z15<>"", """" & Z15 & """", "") ) & "]" -> ["ENA", "MIGS-VI", "ENA ERC32", "ENA ERC33", "Sample", "ENA Sample", "VJDB Sample", "Collection"] | AC15: as it is, for revision with data; not sure | AD15: collection_source_non-host_associated | AI15: split Tissue_Specimen_Source to collection_source_environment and collection_source_host_tissue | AP15: (Recommended) Describes the physical, environmental and/or local geographical source of the biological sample from which the sample was derived. example: soil | AS15: (Recommended) Describes the physical, environmental and/or local geographical source of the biological sample from which the sample was derived. example: soil | AU15: TEXT_FIELD | AV15: recommended | AW15: recommended | AZ15: suggestion | BA15: freetext | BC15: metadata | BD15: full fuzzy
A16: 0bk | B16: =LOWER( IF( RIGHT( SUBSTITUTE(SUBSTITUTE(SUBSTITUTE(SUBSTITUTE(SUBSTITUTE(SUBSTITUTE(SUBSTITUTE(C16,"(","_"),")","_"),"/","_"),":","_"),"-","_")," ","_"),"__","_"), 1 )="_", LEFT( SUBSTITUTE(SUBSTITUTE(SUBSTITUTE(SUBSTITUTE(SUBSTITUTE(SUBSTITUTE(SUBSTITUTE(C16,"(","_"),")","_"),"/","_"),":","_"),"-","_")," ","_"),"__","_"), LEN( SUBSTITUTE(SUBSTITUTE(SUBSTITUTE(SUBSTITUTE(SUBSTITUTE(SUBSTITUTE(SUBSTITUTE(C16,"(","_"),")","_"),"/","_"),":","_"),"-","_")," ","_"),"__","_") )-1 ), SUBSTITUTE(SUBSTITUTE(SUBSTITUTE(SUBSTITUTE(SUBSTITUTE(SUBSTITUTE(SUBSTITUTE(C16,"(","_"),")","_"),"/","_"),":","_"),"-","_")," ","_"),"__","_") ) ) -> collector_name | C16: Collector Name | D16: Name of the person that collected the sample | E16: text | F16: internal | G16: collector_name | I16: collector name | P16: collector name | Q16: collector name | V16: ENA Sample | W16: VJDB Sample | X16: Sample | Y16: Collection | AA16: ="[" & _xlfn.TEXTJOIN(", ", TRUE, IF(I16<>"", """" & I$1 & """", ""), IF(J16<>"", """" & J$1 & """", ""), IF(K16<>"", """" & K$1 & """", ""), IF(L16<>"", """" & L$1 & """", ""), IF(M16<>"", """" & M$1 & """", ""), IF(N16<>"", """" & N$1 & """", ""), IF(O16<>"", """" & O$1 & """", ""), IF(P16<>"", """" & P$1 & """", ""), IF(Q16<>"", """" & Q$1 & """", ""), IF(R16<>"", """" & R$1 & """", ""), IF(S16<>"", """" & S$1 & """", ""), IF(T16<>"", """" & T$1 & """", ""), IF(U16<>"", """" & U$1 & """", ""), IF(X16<>"", """" & X16 & """", ""), IF(V16<>"", """" & V16 & """", ""), IF(W16<>"", """" & W16 & """", ""), IF(Y16<>"", """" & Y16 & """", ""), IF(Z16<>"", """" & Z16 & """", "") ) & "]" -> ["ENA", "ENA ERC32", "ENA ERC33", "Sample", "ENA Sample", "VJDB Sample", "Collection"] | AD16: keep internally | AE16: Not in VJDB, Completly new due to byCovid | AP16: (Mandatory) Name of the person who collected the specimen. example: john smith | AS16: (Mandatory) Name of the person who collected the specimen. example: john smith | AU16: TEXT_AREA_FIELD | AV16: mandatory | AW16: mandatory | AX16: Zuckerman,N. | AY16: Free text | AZ16: text | BA16: freetext | BC16: metadata | BD16: full fuzzy
A17: 0bl | B17: =LOWER( IF( RIGHT( SUBSTITUTE(SUBSTITUTE(SUBSTITUTE(SUBSTITUTE(SUBSTITUTE(SUBSTITUTE(SUBSTITUTE(C17,"(","_"),")","_"),"/","_"),":","_"),"-","_")," ","_"),"__","_"), 1 )="_", LEFT( SUBSTITUTE(SUBSTITUTE(SUBSTITUTE(SUBSTITUTE(SUBSTITUTE(SUBSTITUTE(SUBSTITUTE(C17,"(","_"),")","_"),"/","_"),":","_"),"-","_")," ","_"),"__","_"), LEN( SUBSTITUTE(SUBSTITUTE(SUBSTITUTE(SUBSTITUTE(SUBSTITUTE(SUBSTITUTE(SUBSTITUTE(C17,"(","_"),")","_"),"/","_"),":","_"),"-","_")," ","_"),"__","_") )-1 ), SUBSTITUTE(SUBSTITUTE(SUBSTITUTE(SUBSTITUTE(SUBSTITUTE(SUBSTITUTE(SUBSTITUTE(C17,"(","_"),")","_"),"/","_"),":","_"),"-","_")," ","_"),"__","_") ) ) -> cutoff_for_seropositive_sample | C17: Cutoff for Seropositive Sample | D17: The cuttoff used to determine if the sample is seropositive. | E17: keyword | F17: internal | G17: cutoff_for_seropositive_sample | I17: definition for seropositive sample | P17: definition for seropositive sample | Q17: definition for seropositive sample | V17: ENA Sample | W17: VJDB Sample | X17: Sample | Y17: Clinical | AA17: ="[" & _xlfn.TEXTJOIN(", ", TRUE, IF(I17<>"", """" & I$1 & """", ""), IF(J17<>"", """" & J$1 & """", ""), IF(K17<>"", """" & K$1 & """", ""), IF(L17<>"", """" & L$1 & """", ""), IF(M17<>"", """" & M$1 & """", ""), IF(N17<>"", """" & N$1 & """", ""), IF(O17<>"", """" & O$1 & """", ""), IF(P17<>"", """" & P$1 & """", ""), IF(Q17<>"", """" & Q$1 & """", ""), IF(R17<>"", """" & R$1 & """", ""), IF(S17<>"", """" & S$1 & """", ""), IF(T17<>"", """" & T$1 & """", ""), IF(U17<>"", """" & U$1 & """", ""), IF(X17<>"", """" & X17 & """", ""), IF(V17<>"", """" & V17 & """", ""), IF(W17<>"", """" & W17 & """", ""), IF(Y17<>"", """" & Y17 & """", ""), IF(Z17<>"", """" & Z17 & """", "") ) & "]" -> ["ENA", "ENA ERC32", "ENA ERC33", "Sample", "ENA Sample", "VJDB Sample", "Clinical"] | AC17: not sure | AD17: keep internally | AE17: Not in VJDB, Completly new due to byCovid | AP17: (Recommended) The cut off value used by an investigatior in determining that a sample was seropositive. | AS17: (Recommended) The cut off value used by an investigatior in determining that a sample was seropositive. | AU17: TEXT_FIELD | AV17: recommended | AW17: recommended | AZ17: text | BA17: freetext | BC17: metadata | BD17: exact
A18: 0bm | B18: =LOWER( IF( RIGHT( SUBSTITUTE(SUBSTITUTE(SUBSTITUTE(SUBSTITUTE(SUBSTITUTE(SUBSTITUTE(SUBSTITUTE(C18,"(","_"),")","_"),"/","_"),":","_"),"-","_")," ","_"),"__","_"), 1 )="_", LEFT( SUBSTITUTE(SUBSTITUTE(SUBSTITUTE(SUBSTITUTE(SUBSTITUTE(SUBSTITUTE(SUBSTITUTE(C18,"(","_"),")","_"),"/","_"),":","_"),"-","_")," ","_"),"__","_"), LEN( SUBSTITUTE(SUBSTITUTE(SUBSTITUTE(SUBSTITUTE(SUBSTITUTE(SUBSTITUTE(SUBSTITUTE(C18,"(","_"),")","_"),"/","_"),":","_"),"-","_")," ","_"),"__","_") )-1 ), SUBSTITUTE(SUBSTITUTE(SUBSTITUTE(SUBSTITUTE(SUBSTITUTE(SUBSTITUTE(SUBSTITUTE(C18,"(","_"),")","_"),"/","_"),":","_"),"-","_")," ","_"),"__","_") ) ) -> experiment_accession | C18: Experiment Accession | D18: References an ENA assembly to an ENA Experiment. | E18: keyword | F18: internal | G18: experiment_accession_id | I18: experiment accession? | X18: Organizational | Y18: Identifiers | AA18: ="[" & _xlfn.TEXTJOIN(", ", TRUE, IF(I18<>"", """" & I$1 & """", ""), IF(J18<>"", """" & J$1 & """", ""), IF(K18<>"", """" & K$1 & """", ""), IF(L18<>"", """" & L$1 & """", ""), IF(M18<>"", """" & M$1 & """", ""), IF(N18<>"", """" & N$1 & """", ""), IF(O18<>"", """" & O$1 & """", ""), IF(P18<>"", """" & P$1 & """", ""), IF(Q18<>"", """" & Q$1 & """", ""), IF(R18<>"", """" & R$1 & """", ""), IF(S18<>"", """" & S$1 & """", ""), IF(T18<>"", """" & T$1 & """", ""), IF(U18<>"", """" & U$1 & """", ""), IF(X18<>"", """" & X18 & """", ""), IF(V18<>"", """" & V18 & """", ""), IF(W18<>"", """" & W18 & """", ""), IF(Y18<>"", """" & Y18 & """", ""), IF(Z18<>"", """" & Z18 & """", "") ) & "]" -> ["ENA", "Organizational", "Identifiers"] | AC18: no example needed | AD18: keep internally | AE18: Not in VJDB, Completly new due to byCovid | AZ18: text | BA18: unique | BC18: metadata | BD18: exact
A19: 0bn | B19: =LOWER( IF( RIGHT( SUBSTITUTE(SUBSTITUTE(SUBSTITUTE(SUBSTITUTE(SUBSTITUTE(SUBSTITUTE(SUBSTITUTE(C19,"(","_"),")","_"),"/","_"),":","_"),"-","_")," ","_"),"__","_"), 1 )="_", LEFT( SUBSTITUTE(SUBSTITUTE(SUBSTITUTE(SUBSTITUTE(SUBSTITUTE(SUBSTITUTE(SUBSTITUTE(C19,"(","_"),")","_"),"/","_"),":","_"),"-","_")," ","_"),"__","_"), LEN( SUBSTITUTE(SUBSTITUTE(SUBSTITUTE(SUBSTITUTE(SUBSTITUTE(SUBSTITUTE(SUBSTITUTE(C19,"(","_"),")","_"),"/","_"),":","_"),"-","_")," ","_"),"__","_") )-1 ), SUBSTITUTE(SUBSTITUTE(SUBSTITUTE(SUBSTITUTE(SUBSTITUTE(SUBSTITUTE(SUBSTITUTE(C19,"(","_"),")","_"),"/","_"),":","_"),"-","_")," ","_"),"__","_") ) ) -> host_behaviour | C19: Host Behaviour | D19: Natural behaviour of the sampled host. | E19: text | F19: internal | G19: host_behaviour | I19: host behaviour | P19: host behaviour | Q19: host behaviour | V19: ENA Sample | W19: VJDB Sample | X19: Host | Y19: Clinical | AA19: ="[" & _xlfn.TEXTJOIN(", ", TRUE, IF(I19<>"", """" & I$1 & """", ""), IF(J19<>"", """" & J$1 & """", ""), IF(K19<>"", """" & K$1 & """", ""), IF(L19<>"", """" & L$1 & """", ""), IF(M19<>"", """" & M$1 & """", ""), IF(N19<>"", """" & N$1 & """", ""), IF(O19<>"", """" & O$1 & """", ""), IF(P19<>"", """" & P$1 & """", ""), IF(Q19<>"", """" & Q$1 & """", ""), IF(R19<>"", """" & R$1 & """", ""), IF(S19<>"", """" & S$1 & """", ""), IF(T19<>"", """" & T$1 & """", ""), IF(U19<>"", """" & U$1 & """", ""), IF(X19<>"", """" & X19 & """", ""), IF(V19<>"", """" & V19 & """", ""), IF(W19<>"", """" & W19 & """", ""), IF(Y19<>"", """" & Y19 & """", ""), IF(Z19<>"", """" & Z19 & """", "") ) & "]" -> ["ENA", "ENA ERC32", "ENA ERC33", "Host", "ENA Sample", "VJDB Sample", "Clinical"] | AD19: keep internally | AE19: Not in VJDB, Completly new due to byCovid | AP19: (Recommended) Natural behaviour of the host. | AS19: (Recommended) Natural behaviour of the host. | AU19: TEXT_CHOICE_FIELD | AV19: recommended | AW19: recommended | AX19: domestic; wild | AY19: Defined list of values, provided by the ENA | AZ19: combo | BA19: controlled_vocabulary | BC19: metadata | BD19: exact fuzzy
A20: 0bo | B20: =LOWER( IF( RIGHT( SUBSTITUTE(SUBSTITUTE(SUBSTITUTE(SUBSTITUTE(SUBSTITUTE(SUBSTITUTE(SUBSTITUTE(C20,"(","_"),")","_"),"/","_"),":","_"),"-","_")," ","_"),"__","_"), 1 )="_", LEFT( SUBSTITUTE(SUBSTITUTE(SUBSTITUTE(SUBSTITUTE(SUBSTITUTE(SUBSTITUTE(SUBSTITUTE(C20,"(","_"),")","_"),"/","_"),":","_"),"-","_")," ","_"),"__","_"), LEN( SUBSTITUTE(SUBSTITUTE(SUBSTITUTE(SUBSTITUTE(SUBSTITUTE(SUBSTITUTE(SUBSTITUTE(C20,"(","_"),")","_"),"/","_"),":","_"),"-","_")," ","_"),"__","_") )-1 ), SUBSTITUTE(SUBSTITUTE(SUBSTITUTE(SUBSTITUTE(SUBSTITUTE(SUBSTITUTE(SUBSTITUTE(C20,"(","_"),")","_"),"/","_"),":","_"),"-","_")," ","_"),"__","_") ) ) -> host_disease | C20: Host Disease | D20: The hosts main disease diagnosis. | E20: text | F20: internal | G20: host_disease | H20: disease | X20: Host | Y20: Clinical | AA20: ="[" & _xlfn.TEXTJOIN(", ", TRUE, IF(I20<>"", """" & I$1 & """", ""), IF(J20<>"", """" & J$1 & """", ""), IF(K20<>"", """" & K$1 & """", ""), IF(L20<>"", """" & L$1 & """", ""), IF(M20<>"", """" & M$1 & """", ""), IF(N20<>"", """" & N$1 & """", ""), IF(O20<>"", """" & O$1 & """", ""), IF(P20<>"", """" & P$1 & """", ""), IF(Q20<>"", """" & Q$1 & """", ""), IF(R20<>"", """" & R$1 & """", ""), IF(S20<>"", """" & S$1 & """", ""), IF(T20<>"", """" & T$1 & """", ""), IF(U20<>"", """" & U$1 & """", ""), IF(X20<>"", """" & X20 & """", ""), IF(V20<>"", """" & V20 & """", ""), IF(W20<>"", """" & W20 & """", ""), IF(Y20<>"", """" & Y20 & """", ""), IF(Z20<>"", """" & Z20 & """", "") ) & "]" -> ["Host", "Clinical"] | AC20: not sure | AD20: keep internally | AE20: Not in VJDB, Completly new due to byCovid | AZ20: text | BA20: freetext | BC20: metadata | BD20: exact fuzzy
A21: 0bp | B21: =LOWER( IF( RIGHT( SUBSTITUTE(SUBSTITUTE(SUBSTITUTE(SUBSTITUTE(SUBSTITUTE(SUBSTITUTE(SUBSTITUTE(C21,"(","_"),")","_"),"/","_"),":","_"),"-","_")," ","_"),"__","_"), 1 )="_", LEFT( SUBSTITUTE(SUBSTITUTE(SUBSTITUTE(SUBSTITUTE(SUBSTITUTE(SUBSTITUTE(SUBSTITUTE(C21,"(","_"),")","_"),"/","_"),":","_"),"-","_")," ","_"),"__","_"), LEN( SUBSTITUTE(SUBSTITUTE(SUBSTITUTE(SUBSTITUTE(SUBSTITUTE(SUBSTITUTE(SUBSTITUTE(C21,"(","_"),")","_"),"/","_"),":","_"),"-","_")," ","_"),"__","_") )-1 ), SUBSTITUTE(SUBSTITUTE(SUBSTITUTE(SUBSTITUTE(SUBSTITUTE(SUBSTITUTE(SUBSTITUTE(C21,"(","_"),")","_"),"/","_"),":","_"),"-","_")," ","_"),"__","_") ) ) -> host_disease_outcome | C21: Host Disease Outcome | D21: The hosts disease outcome. Did the host recover from the disease? | E21: text | F21: internal | G21: host_disease_outcome | I21: host disease outcome | P21: host disease outcome | Q21: host disease outcome | V21: ENA Sample | W21: VJDB Sample | X21: Host | Y21: Clinical | AA21: ="[" & _xlfn.TEXTJOIN(", ", TRUE, IF(I21<>"", """" & I$1 & """", ""), IF(J21<>"", """" & J$1 & """", ""), IF(K21<>"", """" & K$1 & """", ""), IF(L21<>"", """" & L$1 & """", ""), IF(M21<>"", """" & M$1 & """", ""), IF(N21<>"", """" & N$1 & """", ""), IF(O21<>"", """" & O$1 & """", ""), IF(P21<>"", """" & P$1 & """", ""), IF(Q21<>"", """" & Q$1 & """", ""), IF(R21<>"", """" & R$1 & """", ""), IF(S21<>"", """" & S$1 & """", ""), IF(T21<>"", """" & T$1 & """", ""), IF(U21<>"", """" & U$1 & """", ""), IF(X21<>"", """" & X21 & """", ""), IF(V21<>"", """" & V21 & """", ""), IF(W21<>"", """" & W21 & """", ""), IF(Y21<>"", """" & Y21 & """", ""), IF(Z21<>"", """" & Z21 & """", "") ) & "]" -> ["ENA", "ENA ERC32", "ENA ERC33", "Host", "ENA Sample", "VJDB Sample", "Clinical"] | AD21: keep internally | AE21: Not in VJDB, Completly new due to byCovid | AP21: (Recommended) Disease outcome in the host. | AS21: (Recommended) Disease outcome in the host. | AU21: TEXT_CHOICE_FIELD | AV21: recommended | AW21: recommended | AX21: recovered; dead | AY21: Defined list of values, provided by the ENA | AZ21: combo | BA21: controlled_vocabulary | BC21: metadata | BD21: exact fuzzy
A22: 0bq | B22: =LOWER( IF( RIGHT( SUBSTITUTE(SUBSTITUTE(SUBSTITUTE(SUBSTITUTE(SUBSTITUTE(SUBSTITUTE(SUBSTITUTE(C22,"(","_"),")","_"),"/","_"),":","_"),"-","_")," ","_"),"__","_"), 1 )="_", LEFT( SUBSTITUTE(SUBSTITUTE(SUBSTITUTE(SUBSTITUTE(SUBSTITUTE(SUBSTITUTE(SUBSTITUTE(C22,"(","_"),")","_"),"/","_"),":","_"),"-","_")," ","_"),"__","_"), LEN( SUBSTITUTE(SUBSTITUTE(SUBSTITUTE(SUBSTITUTE(SUBSTITUTE(SUBSTITUTE(SUBSTITUTE(C22,"(","_"),")","_"),"/","_"),":","_"),"-","_")," ","_"),"__","_") )-1 ), SUBSTITUTE(SUBSTITUTE(SUBSTITUTE(SUBSTITUTE(SUBSTITUTE(SUBSTITUTE(SUBSTITUTE(C22,"(","_"),")","_"),"/","_"),":","_"),"-","_")," ","_"),"__","_") ) ) -> host_disease_symptoms | C22: Host Disease Symptoms | D22: The symptoms that have been reported in relation to the illness, such as cough, diarrhea, fever, headache, malaise, myalgia, nausea, runny_nose, shortness_of_breath, sore_throat. If multiple exposures are applicable, please state them separated by semicolon. | E22: text | F22: internal | G22: host_disease_symptoms | I22: illness symptoms | X22: Host | Y22: Clinical | AA22: ="[" & _xlfn.TEXTJOIN(", ", TRUE, IF(I22<>"", """" & I$1 & """", ""), IF(J22<>"", """" & J$1 & """", ""), IF(K22<>"", """" & K$1 & """", ""), IF(L22<>"", """" & L$1 & """", ""), IF(M22<>"", """" & M$1 & """", ""), IF(N22<>"", """" & N$1 & """", ""), IF(O22<>"", """" & O$1 & """", ""), IF(P22<>"", """" & P$1 & """", ""), IF(Q22<>"", """" & Q$1 & """", ""), IF(R22<>"", """" & R$1 & """", ""), IF(S22<>"", """" & S$1 & """", ""), IF(T22<>"", """" & T$1 & """", ""), IF(U22<>"", """" & U$1 & """", ""), IF(X22<>"", """" & X22 & """", ""), IF(V22<>"", """" & V22 & """", ""), IF(W22<>"", """" & W22 & """", ""), IF(Y22<>"", """" & Y22 & """", ""), IF(Z22<>"", """" & Z22 & """", "") ) & "]" -> ["ENA", "Host", "Clinical"] | AD22: keep internally | AE22: Not in VJDB, Completly new due to byCovid | AV22: optional | AW22: optional | AX22: fever; headache; runny_nose | AY22: Free text | AZ22: suggestion | BA22: unique | BC22: metadata | BD22: exact fuzzy
A23: 0bs | B23: =LOWER( IF( RIGHT( SUBSTITUTE(SUBSTITUTE(SUBSTITUTE(SUBSTITUTE(SUBSTITUTE(SUBSTITUTE(SUBSTITUTE(C23,"(","_"),")","_"),"/","_"),":","_"),"-","_")," ","_"),"__","_"), 1 )="_", LEFT( SUBSTITUTE(SUBSTITUTE(SUBSTITUTE(SUBSTITUTE(SUBSTITUTE(SUBSTITUTE(SUBSTITUTE(C23,"(","_"),")","_"),"/","_"),":","_"),"-","_")," ","_"),"__","_"), LEN( SUBSTITUTE(SUBSTITUTE(SUBSTITUTE(SUBSTITUTE(SUBSTITUTE(SUBSTITUTE(SUBSTITUTE(C23,"(","_"),")","_"),"/","_"),":","_"),"-","_")," ","_"),"__","_") )-1 ), SUBSTITUTE(SUBSTITUTE(SUBSTITUTE(SUBSTITUTE(SUBSTITUTE(SUBSTITUTE(SUBSTITUTE(C23,"(","_"),")","_"),"/","_"),":","_"),"-","_")," ","_"),"__","_") ) ) -> host_habitat | C23: Host Habitat | D23: Natural habitat of the avian or mammalian host | E23: text | F23: internal | G23: host_habitat | I23: host habitat | P23: host habitat | Q23: host habitat | V23: ENA Sample | W23: VJDB Sample | X23: Host | Y23: Collection | AA23: ="[" & _xlfn.TEXTJOIN(", ", TRUE, IF(I23<>"", """" & I$1 & """", ""), IF(J23<>"", """" & J$1 & """", ""), IF(K23<>"", """" & K$1 & """", ""), IF(L23<>"", """" & L$1 & """", ""), IF(M23<>"", """" & M$1 & """", ""), IF(N23<>"", """" & N$1 & """", ""), IF(O23<>"", """" & O$1 & """", ""), IF(P23<>"", """" & P$1 & """", ""), IF(Q23<>"", """" & Q$1 & """", ""), IF(R23<>"", """" & R$1 & """", ""), IF(S23<>"", """" & S$1 & """", ""), IF(T23<>"", """" & T$1 & """", ""), IF(U23<>"", """" & U$1 & """", ""), IF(X23<>"", """" & X23 & """", ""), IF(V23<>"", """" & V23 & """", ""), IF(W23<>"", """" & W23 & """", ""), IF(Y23<>"", """" & Y23 & """", ""), IF(Z23<>"", """" & Z23 & """", "") ) & "]" -> ["ENA", "ENA ERC32", "ENA ERC33", "Host", "ENA Sample", "VJDB Sample", "Collection"] | AD23: keep internally | AE23: Not in VJDB, Completly new due to byCovid | AP23: (Recommended) Natural habitat of the avian or mammalian host. | AS23: (Recommended) Natural habitat of the avian or mammalian host. | AU23: TEXT_CHOICE_FIELD | AV23: recommended | AW23: recommended | AX23: domestic:free-range farm; wild:resident | AY23: Defined list of values, provided by the ENA | AZ23: combo | BA23: controlled_vocabulary | BC23: metadata | BD23: exact fuzzy
A24: 0bz | B24: =LOWER( IF( RIGHT( SUBSTITUTE(SUBSTITUTE(SUBSTITUTE(SUBSTITUTE(SUBSTITUTE(SUBSTITUTE(SUBSTITUTE(C24,"(","_"),")","_"),"/","_"),":","_"),"-","_")," ","_"),"__","_"), 1 )="_", LEFT( SUBSTITUTE(SUBSTITUTE(SUBSTITUTE(SUBSTITUTE(SUBSTITUTE(SUBSTITUTE(SUBSTITUTE(C24,"(","_"),")","_"),"/","_"),":","_"),"-","_")," ","_"),"__","_"), LEN( SUBSTITUTE(SUBSTITUTE(SUBSTITUTE(SUBSTITUTE(SUBSTITUTE(SUBSTITUTE(SUBSTITUTE(C24,"(","_"),")","_"),"/","_"),":","_"),"-","_")," ","_"),"__","_") )-1 ), SUBSTITUTE(SUBSTITUTE(SUBSTITUTE(SUBSTITUTE(SUBSTITUTE(SUBSTITUTE(SUBSTITUTE(C24,"(","_"),")","_"),"/","_"),":","_"),"-","_")," ","_"),"__","_") ) ) -> host_subject_id | C24: Host Subject ID | D24: The unique ID of the sampled host from the BV-BRC. | E24: keyword | F24: internal | G24: host_subject_id | I24: host subject id | P24: host subject id | Q24: host subject id | V24: ENA Sample | W24: VJDB Sample | X24: Host | Y24: Clinical | AA24: ="[" & _xlfn.TEXTJOIN(", ", TRUE, IF(I24<>"", """" & I$1 & """", ""), IF(J24<>"", """" & J$1 & """", ""), IF(K24<>"", """" & K$1 & """", ""), IF(L24<>"", """" & L$1 & """", ""), IF(M24<>"", """" & M$1 & """", ""), IF(N24<>"", """" & N$1 & """", ""), IF(O24<>"", """" & O$1 & """", ""), IF(P24<>"", """" & P$1 & """", ""), IF(Q24<>"", """" & Q$1 & """", ""), IF(R24<>"", """" & R$1 & """", ""), IF(S24<>"", """" & S$1 & """", ""), IF(T24<>"", """" & T$1 & """", ""), IF(U24<>"", """" & U$1 & """", ""), IF(X24<>"", """" & X24 & """", ""), IF(V24<>"", """" & V24 & """", ""), IF(W24<>"", """" & W24 & """", ""), IF(Y24<>"", """" & Y24 & """", ""), IF(Z24<>"", """" & Z24 & """", "") ) & "]" -> ["ENA", "ENA ERC32", "ENA ERC33", "Host", "ENA Sample", "VJDB Sample", "Clinical "] | AC24: not sure | AD24: keep internally | AE24: Not in VJDB, Completly new due to byCovid | AP24: (Mandatory) A unique identifier by which each subject can be referred to, de-identified, e.g. #131 | AS24: (Mandatory) A unique identifier by which each subject can be referred to, de-identified, e.g. #131 | AU24: TEXT_FIELD | AV24: mandatory | AW24: mandatory | AZ24: suggestion | BA24: freetext | BC24: metadata | BD24: exact
A25: 0ca | B25: =LOWER( IF( RIGHT( SUBSTITUTE(SUBSTITUTE(SUBSTITUTE(SUBSTITUTE(SUBSTITUTE(SUBSTITUTE(SUBSTITUTE(C25,"(","_"),")","_"),"/","_"),":","_"),"-","_")," ","_"),"__","_"), 1 )="_", LEFT( SUBSTITUTE(SUBSTITUTE(SUBSTITUTE(SUBSTITUTE(SUBSTITUTE(SUBSTITUTE(SUBSTITUTE(C25,"(","_"),")","_"),"/","_"),":","_"),"-","_")," ","_"),"__","_"), LEN( SUBSTITUTE(SUBSTITUTE(SUBSTITUTE(SUBSTITUTE(SUBSTITUTE(SUBSTITUTE(SUBSTITUTE(C25,"(","_"),")","_"),"/","_"),":","_"),"-","_")," ","_"),"__","_") )-1 ), SUBSTITUTE(SUBSTITUTE(SUBSTITUTE(SUBSTITUTE(SUBSTITUTE(SUBSTITUTE(SUBSTITUTE(C25,"(","_"),")","_"),"/","_"),":","_"),"-","_")," ","_"),"__","_") ) ) -> influenza_test_method | C25: Influenza Test Method | D25: Method used to assess if a sample is flu positive/negative. Multiple methods are seperated by semicolon(s). | E25: text | F25: internal | G25: influenza_test_method | I25: influenza test method | P25: influenza test method | V25: ENA Sample | W25: VJDB Sample | X25: Sample | Y25: Clinical | AA25: ="[" & _xlfn.TEXTJOIN(", ", TRUE, IF(I25<>"", """" & I$1 & """", ""), IF(J25<>"", """" & J$1 & """", ""), IF(K25<>"", """" & K$1 & """", ""), IF(L25<>"", """" & L$1 & """", ""), IF(M25<>"", """" & M$1 & """", ""), IF(N25<>"", """" & N$1 & """", ""), IF(O25<>"", """" & O$1 & """", ""), IF(P25<>"", """" & P$1 & """", ""), IF(Q25<>"", """" & Q$1 & """", ""), IF(R25<>"", """" & R$1 & """", ""), IF(S25<>"", """" & S$1 & """", ""), IF(T25<>"", """" & T$1 & """", ""), IF(U25<>"", """" & U$1 & """", ""), IF(X25<>"", """" & X25 & """", ""), IF(V25<>"", """" & V25 & """", ""), IF(W25<>"", """" & W25 & """", ""), IF(Y25<>"", """" & Y25 & """", ""), IF(Z25<>"", """" & Z25 & """", "") ) & "]" -> ["ENA", "ENA ERC32", "Sample", "ENA Sample", "VJDB Sample", "Clinical "] | AD25: keep internally | AE25: Not in VJDB, Completly new due to byCovid | AP25: (Mandatory) Method by which the current assessment of a sample as flu positive/negative is made. if multiple test were performed, please state them separated by semicolon. example: rt-pcr; antigen elisa | AV25: mandatory | AW25: mandatory | AX25: "RT-PCR; antigen ELISA" | AY25: Free text (Methods) seperated by semicolon, no quotes | AZ25: suggestion | BA25: unique | BC25: metadata | BD25: full fuzzy
A26: 0cb | B26: =LOWER( IF( RIGHT( SUBSTITUTE(SUBSTITUTE(SUBSTITUTE(SUBSTITUTE(SUBSTITUTE(SUBSTITUTE(SUBSTITUTE(C26,"(","_"),")","_"),"/","_"),":","_"),"-","_")," ","_"),"__","_"), 1 )="_", LEFT( SUBSTITUTE(SUBSTITUTE(SUBSTITUTE(SUBSTITUTE(SUBSTITUTE(SUBSTITUTE(SUBSTITUTE(C26,"(","_"),")","_"),"/","_"),":","_"),"-","_")," ","_"),"__","_"), LEN( SUBSTITUTE(SUBSTITUTE(SUBSTITUTE(SUBSTITUTE(SUBSTITUTE(SUBSTITUTE(SUBSTITUTE(C26,"(","_"),")","_"),"/","_"),":","_"),"-","_")," ","_"),"__","_") )-1 ), SUBSTITUTE(SUBSTITUTE(SUBSTITUTE(SUBSTITUTE(SUBSTITUTE(SUBSTITUTE(SUBSTITUTE(C26,"(","_"),")","_"),"/","_"),":","_"),"-","_")," ","_"),"__","_") ) ) -> influenza_test_result | C26: Influenza Test Result | D26: Result of the given methods. Positive(P) or Negative(N). For multiple test the results are delimited by semicolon, e.g. P; P. | E26: keyword | F26: internal | G26: influenza_test_result | I26: influenza test result | P26: influenza test result | V26: ENA Sample | W26: VJDB Sample | X26: Sample | Y26: Clinical | AA26: ="[" & _xlfn.TEXTJOIN(", ", TRUE, IF(I26<>"", """" & I$1 & """", ""), IF(J26<>"", """" & J$1 & """", ""), IF(K26<>"", """" & K$1 & """", ""), IF(L26<>"", """" & L$1 & """", ""), IF(M26<>"", """" & M$1 & """", ""), IF(N26<>"", """" & N$1 & """", ""), IF(O26<>"", """" & O$1 & """", ""), IF(P26<>"", """" & P$1 & """", ""), IF(Q26<>"", """" & Q$1 & """", ""), IF(R26<>"", """" & R$1 & """", ""), IF(S26<>"", """" & S$1 & """", ""), IF(T26<>"", """" & T$1 & """", ""), IF(U26<>"", """" & U$1 & """", ""), IF(X26<>"", """" & X26 & """", ""), IF(V26<>"", """" & V26 & """", ""), IF(W26<>"", """" & W26 & """", ""), IF(Y26<>"", """" & Y26 & """", ""), IF(Z26<>"", """" & Z26 & """", "") ) & "]" -> ["ENA", "ENA ERC32", "Sample", "ENA Sample", "VJDB Sample", "Clinical "] | AD26: keep internally | AE26: Not in VJDB, Completly new due to byCovid | AP26: (Mandatory) Classification of a sample as flu positive or negative based on the test performed and reported. if multiple tests were performed, please state the results in the same order in which you reported the tests in the field 'influenza test method'. format: p(ositive)/n(egative). example: p; p | AV26: mandatory | AW26: mandatory | AX26: "P;P"; "N"; "N;P" | AY26: P(positive)/N(negative) divided by semicolons matching the number and place of the corresponding test method, no quotes. | AZ26: suggestion | BA26: unique | BC26: metadata | BD26: exact
A27: 0cc | B27: =LOWER( IF( RIGHT( SUBSTITUTE(SUBSTITUTE(SUBSTITUTE(SUBSTITUTE(SUBSTITUTE(SUBSTITUTE(SUBSTITUTE(C27,"(","_"),")","_"),"/","_"),":","_"),"-","_")," ","_"),"__","_"), 1 )="_", LEFT( SUBSTITUTE(SUBSTITUTE(SUBSTITUTE(SUBSTITUTE(SUBSTITUTE(SUBSTITUTE(SUBSTITUTE(C27,"(","_"),")","_"),"/","_"),":","_"),"-","_")," ","_"),"__","_"), LEN( SUBSTITUTE(SUBSTITUTE(SUBSTITUTE(SUBSTITUTE(SUBSTITUTE(SUBSTITUTE(SUBSTITUTE(C27,"(","_"),")","_"),"/","_"),":","_"),"-","_")," ","_"),"__","_") )-1 ), SUBSTITUTE(SUBSTITUTE(SUBSTITUTE(SUBSTITUTE(SUBSTITUTE(SUBSTITUTE(SUBSTITUTE(C27,"(","_"),")","_"),"/","_"),":","_"),"-","_")," ","_"),"__","_") ) ) -> influenza_virus_type | C27: Influenza Virus Type | D27: Influenza virus type classification: A, B or C. | E27: keyword | F27: internal | G27: influenza_virus_type | H27: variant | I27: influenza virus type | P27: influenza virus type | V27: ENA Sample | W27: VJDB Sample | X27: Sample | Y27: Clinical | AA27: ="[" & _xlfn.TEXTJOIN(", ", TRUE, IF(I27<>"", """" & I$1 & """", ""), IF(J27<>"", """" & J$1 & """", ""), IF(K27<>"", """" & K$1 & """", ""), IF(L27<>"", """" & L$1 & """", ""), IF(M27<>"", """" & M$1 & """", ""), IF(N27<>"", """" & N$1 & """", ""), IF(O27<>"", """" & O$1 & """", ""), IF(P27<>"", """" & P$1 & """", ""), IF(Q27<>"", """" & Q$1 & """", ""), IF(R27<>"", """" & R$1 & """", ""), IF(S27<>"", """" & S$1 & """", ""), IF(T27<>"", """" & T$1 & """", ""), IF(U27<>"", """" & U$1 & """", ""), IF(X27<>"", """" & X27 & """", ""), IF(V27<>"", """" & V27 & """", ""), IF(W27<>"", """" & W27 & """", ""), IF(Y27<>"", """" & Y27 & """", ""), IF(Z27<>"", """" & Z27 & """", "") ) & "]" -> ["ENA", "ENA ERC32", "Sample", "ENA Sample", "VJDB Sample", "Clinical "] | AD27: keep internally | AE27: Not in VJDB, Completly new due to byCovid | AP27: (Recommended) One of the three influenza virus classification types. | AV27: recommended | AW27: recommended | AX27: A; B; C | AY27: Defined list of values, provided by the ENA | AZ27: combo | BA27: controlled_vocabulary | BC27: metadata | BD27: exact fuzzy
A28: 0ce | B28: =LOWER( IF( RIGHT( SUBSTITUTE(SUBSTITUTE(SUBSTITUTE(SUBSTITUTE(SUBSTITUTE(SUBSTITUTE(SUBSTITUTE(C28,"(","_"),")","_"),"/","_"),":","_"),"-","_")," ","_"),"__","_"), 1 )="_", LEFT( SUBSTITUTE(SUBSTITUTE(SUBSTITUTE(SUBSTITUTE(SUBSTITUTE(SUBSTITUTE(SUBSTITUTE(C28,"(","_"),")","_"),"/","_"),":","_"),"-","_")," ","_"),"__","_"), LEN( SUBSTITUTE(SUBSTITUTE(SUBSTITUTE(SUBSTITUTE(SUBSTITUTE(SUBSTITUTE(SUBSTITUTE(C28,"(","_"),")","_"),"/","_"),":","_"),"-","_")," ","_"),"__","_") )-1 ), SUBSTITUTE(SUBSTITUTE(SUBSTITUTE(SUBSTITUTE(SUBSTITUTE(SUBSTITUTE(SUBSTITUTE(C28,"(","_"),")","_"),"/","_"),":","_"),"-","_")," ","_"),"__","_") ) ) -> other_pathogens_test_result | C28: Other Pathogens Test Result | D28: The test result for other tested pathogens given as described by influenza test result. | E28: keyword | F28: internal | G28: other_pathogens_test_result | I28: other pathogens test result | P28: other pathogens test result | V28: ENA Sample | W28: VJDB Sample | X28: Sample | Y28: Clinical | AA28: ="[" & _xlfn.TEXTJOIN(", ", TRUE, IF(I28<>"", """" & I$1 & """", ""), IF(J28<>"", """" & J$1 & """", ""), IF(K28<>"", """" & K$1 & """", ""), IF(L28<>"", """" & L$1 & """", ""), IF(M28<>"", """" & M$1 & """", ""), IF(N28<>"", """" & N$1 & """", ""), IF(O28<>"", """" & O$1 & """", ""), IF(P28<>"", """" & P$1 & """", ""), IF(Q28<>"", """" & Q$1 & """", ""), IF(R28<>"", """" & R$1 & """", ""), IF(S28<>"", """" & S$1 & """", ""), IF(T28<>"", """" & T$1 & """", ""), IF(U28<>"", """" & U$1 & """", ""), IF(X28<>"", """" & X28 & """", ""), IF(V28<>"", """" & V28 & """", ""), IF(W28<>"", """" & W28 & """", ""), IF(Y28<>"", """" & Y28 & """", ""), IF(Z28<>"", """" & Z28 & """", "") ) & "]" -> ["ENA", "ENA ERC32", "Sample", "ENA Sample", "VJDB Sample", "Clinical "] | AD28: keep internally | AE28: Not in VJDB, Completly new due to byCovid | AP28: (Mandatory) Classification of a sample as positive or negative based on the test performed and reported. if tests for multiple pathogenic organisms were performed, please state the results in the same order in which you reported the tests in the field 'other pathogens tested'. format: p(ositive)/n(egative)/not applicable. example: n | AV28: mandatory | AW28: mandatory | AX28: Newcastle; none | AY28: Free text (Methods) seperated by semicolon, no quotes. See also Influenza Test Method | AZ28: suggestion | BA28: unique | BC28: metadata | BD28: full fuzzy
A29: 0cf | B29: =LOWER( IF( RIGHT( SUBSTITUTE(SUBSTITUTE(SUBSTITUTE(SUBSTITUTE(SUBSTITUTE(SUBSTITUTE(SUBSTITUTE(C29,"(","_"),")","_"),"/","_"),":","_"),"-","_")," ","_"),"__","_"), 1 )="_", LEFT( SUBSTITUTE(SUBSTITUTE(SUBSTITUTE(SUBSTITUTE(SUBSTITUTE(SUBSTITUTE(SUBSTITUTE(C29,"(","_"),")","_"),"/","_"),":","_"),"-","_")," ","_"),"__","_"), LEN( SUBSTITUTE(SUBSTITUTE(SUBSTITUTE(SUBSTITUTE(SUBSTITUTE(SUBSTITUTE(SUBSTITUTE(C29,"(","_"),")","_"),"/","_"),":","_"),"-","_")," ","_"),"__","_") )-1 ), SUBSTITUTE(SUBSTITUTE(SUBSTITUTE(SUBSTITUTE(SUBSTITUTE(SUBSTITUTE(SUBSTITUTE(C29,"(","_"),")","_"),"/","_"),":","_"),"-","_")," ","_"),"__","_") ) ) -> other_pathogens_tested | C29: Other Pathogens Tested | D29: Was the sample tested for other pathogens? Insert the pathogenic organisms using semicolon as a delimiter, e.g. Newcastle. “None” is also valid. | E29: keyword | F29: internal | G29: other_pathogens_tested | I29: other pathogens tested | P29: other pathogens tested | V29: ENA Sample | W29: VJDB Sample | X29: Sample | Y29: Clinical | AA29: ="[" & _xlfn.TEXTJOIN(", ", TRUE, IF(I29<>"", """" & I$1 & """", ""), IF(J29<>"", """" & J$1 & """", ""), IF(K29<>"", """" & K$1 & """", ""), IF(L29<>"", """" & L$1 & """", ""), IF(M29<>"", """" & M$1 & """", ""), IF(N29<>"", """" & N$1 & """", ""), IF(O29<>"", """" & O$1 & """", ""), IF(P29<>"", """" & P$1 & """", ""), IF(Q29<>"", """" & Q$1 & """", ""), IF(R29<>"", """" & R$1 & """", ""), IF(S29<>"", """" & S$1 & """", ""), IF(T29<>"", """" & T$1 & """", ""), IF(U29<>"", """" & U$1 & """", ""), IF(X29<>"", """" & X29 & """", ""), IF(V29<>"", """" & V29 & """", ""), IF(W29<>"", """" & W29 & """", ""), IF(Y29<>"", """" & Y29 & """", ""), IF(Z29<>"", """" & Z29 & """", "") ) & "]" -> ["ENA", "ENA ERC32", "Sample", "ENA Sample", "VJDB Sample", "Clinical "] | AD29: keep internally | AE29: Not in VJDB, Completly new due to byCovid | AP29: (Mandatory) Classification of pathogenic organisms other than influenza virus tested in the current assessment of a sample. if multiple tests were performed, please state them separated by semicolon. if no other pathogens test was performed, please state 'none'. example: newcastle | AV29: mandatory | AW29: mandatory | AX29: "P;P"; N; "N;not applicable" | AY29: P(positive)/N(negative)/not applicable divided by semicolons matching the number and place of the corresponding test method, no quotes. | AZ29: suggestion | BA29: unique | BC29: metadata | BD29: exact
A30: 0ch | B30: =LOWER( IF( RIGHT( SUBSTITUTE(SUBSTITUTE(SUBSTITUTE(SUBSTITUTE(SUBSTITUTE(SUBSTITUTE(SUBSTITUTE(C30,"(","_"),")","_"),"/","_"),":","_"),"-","_")," ","_"),"__","_"), 1 )="_", LEFT( SUBSTITUTE(SUBSTITUTE(SUBSTITUTE(SUBSTITUTE(SUBSTITUTE(SUBSTITUTE(SUBSTITUTE(C30,"(","_"),")","_"),"/","_"),":","_"),"-","_")," ","_"),"__","_"), LEN( SUBSTITUTE(SUBSTITUTE(SUBSTITUTE(SUBSTITUTE(SUBSTITUTE(SUBSTITUTE(SUBSTITUTE(C30,"(","_"),")","_"),"/","_"),":","_"),"-","_")," ","_"),"__","_") )-1 ), SUBSTITUTE(SUBSTITUTE(SUBSTITUTE(SUBSTITUTE(SUBSTITUTE(SUBSTITUTE(SUBSTITUTE(C30,"(","_"),")","_"),"/","_"),":","_"),"-","_")," ","_"),"__","_") ) ) -> pangolin_version | C30: Pangolin Version | D30: Pangolin version used to determine the lineage. | E30: keyword | F30: internal | G30: pangolin_version | J30: PANGOLIN. PANGOLIN_VERSION _LATEST | X30: Analysis | Z30: Workflows | AA30: ="[" & _xlfn.TEXTJOIN(", ", TRUE, IF(I30<>"", """" & I$1 & """", ""), IF(J30<>"", """" & J$1 & """", ""), IF(K30<>"", """" & K$1 & """", ""), IF(L30<>"", """" & L$1 & """", ""), IF(M30<>"", """" & M$1 & """", ""), IF(N30<>"", """" & N$1 & """", ""), IF(O30<>"", """" & O$1 & """", ""), IF(P30<>"", """" & P$1 & """", ""), IF(Q30<>"", """" & Q$1 & """", ""), IF(R30<>"", """" & R$1 & """", ""), IF(S30<>"", """" & S$1 & """", ""), IF(T30<>"", """" & T$1 & """", ""), IF(U30<>"", """" & U$1 & """", ""), IF(X30<>"", """" & X30 & """", ""), IF(V30<>"", """" & V30 & """", ""), IF(W30<>"", """" & W30 & """", ""), IF(Y30<>"", """" & Y30 & """", ""), IF(Z30<>"", """" & Z30 & """", "") ) & "]" -> ["RKI", "Analysis", "Workflows"] | AD30: keep internally | AE30: Not in VJDB, Completly new due to byCovid | AZ30: suggestion | BA30: freetext | BC30: metadata | BD30: exact
A31: 0ci | B31: =LOWER( IF( RIGHT( SUBSTITUTE(SUBSTITUTE(SUBSTITUTE(SUBSTITUTE(SUBSTITUTE(SUBSTITUTE(SUBSTITUTE(C31,"(","_"),")","_"),"/","_"),":","_"),"-","_")," ","_"),"__","_"), 1 )="_", LEFT( SUBSTITUTE(SUBSTITUTE(SUBSTITUTE(SUBSTITUTE(SUBSTITUTE(SUBSTITUTE(SUBSTITUTE(C31,"(","_"),")","_"),"/","_"),":","_"),"-","_")," ","_"),"__","_"), LEN( SUBSTITUTE(SUBSTITUTE(SUBSTITUTE(SUBSTITUTE(SUBSTITUTE(SUBSTITUTE(SUBSTITUTE(C31,"(","_"),")","_"),"/","_"),":","_"),"-","_")," ","_"),"__","_") )-1 ), SUBSTITUTE(SUBSTITUTE(SUBSTITUTE(SUBSTITUTE(SUBSTITUTE(SUBSTITUTE(SUBSTITUTE(C31,"(","_"),")","_"),"/","_"),":","_"),"-","_")," ","_"),"__","_") ) ) -> receipt_date | C31: Receipt Date | D31: If the sample was only received and not collected provide the receipt date. | E31: date | F31: internal | G31: receipt_date | I31: receipt date | P31: receipt date | Q31: receipt date | V31: ENA Sample | W31: VJDB Sample | X31: Sample | Y31: Clinical | AA31: ="[" & _xlfn.TEXTJOIN(", ", TRUE, IF(I31<>"", """" & I$1 & """", ""), IF(J31<>"", """" & J$1 & """", ""), IF(K31<>"", """" & K$1 & """", ""), IF(L31<>"", """" & L$1 & """", ""), IF(M31<>"", """" & M$1 & """", ""), IF(N31<>"", """" & N$1 & """", ""), IF(O31<>"", """" & O$1 & """", ""), IF(P31<>"", """" & P$1 & """", ""), IF(Q31<>"", """" & Q$1 & """", ""), IF(R31<>"", """" & R$1 & """", ""), IF(S31<>"", """" & S$1 & """", ""), IF(T31<>"", """" & T$1 & """", ""), IF(U31<>"", """" & U$1 & """", ""), IF(X31<>"", """" & X31 & """", ""), IF(V31<>"", """" & V31 & """", ""), IF(W31<>"", """" & W31 & """", ""), IF(Y31<>"", """" & Y31 & """", ""), IF(Z31<>"", """" & Z31 & """", "") ) & "]" -> ["ENA", "ENA ERC32", "ENA ERC33", "Sample", "ENA Sample", "VJDB Sample", "Clinical "] | AD31: keep internally | AE31: Not in VJDB, Completly new due to byCovid | AP31: (Recommended) Date on which the sample was received. format:yyyy-mm-dd. please provide the highest precision possible. if the sample was received by the institution and not collected, the 'receipt date' must be provided instead. either the 'collection date' or 'receipt date' must be provided. if available, provide both dates. | AS31: (Recommended) Date on which the sample was received. format:yyyy-mm-dd. please provide the highest precision possible. if the sample was received by the institution and not collected, the 'receipt date' must be provided instead. either the 'collection date' or 'receipt date' must be provided. if available, provide both dates. | AU31: TEXT_FIELD | AV31: recommended | AW31: recommended | AX31: 2023-05-20 | AY31: YYYY-MM-DD; Some browsers can display dates in a different format, but it is still correct(!) | AZ31: date | BA31: freetext | BC31: metadata | BD31: range
A32: 0cj | B32: =LOWER( IF( RIGHT( SUBSTITUTE(SUBSTITUTE(SUBSTITUTE(SUBSTITUTE(SUBSTITUTE(SUBSTITUTE(SUBSTITUTE(C32,"(","_"),")","_"),"/","_"),":","_"),"-","_")," ","_"),"__","_"), 1 )="_", LEFT( SUBSTITUTE(SUBSTITUTE(SUBSTITUTE(SUBSTITUTE(SUBSTITUTE(SUBSTITUTE(SUBSTITUTE(C32,"(","_"),")","_"),"/","_"),":","_"),"-","_")," ","_"),"__","_"), LEN( SUBSTITUTE(SUBSTITUTE(SUBSTITUTE(SUBSTITUTE(SUBSTITUTE(SUBSTITUTE(SUBSTITUTE(C32,"(","_"),")","_"),"/","_"),":","_"),"-","_")," ","_"),"__","_") )-1 ), SUBSTITUTE(SUBSTITUTE(SUBSTITUTE(SUBSTITUTE(SUBSTITUTE(SUBSTITUTE(SUBSTITUTE(C32,"(","_"),")","_"),"/","_"),":","_"),"-","_")," ","_"),"__","_") ) ) -> rki_accession | C32: RKI Accession | D32: RKI Accession of the virus sequence. | E32: keyword | F32: internal | G32: rki_sequence_id | J32: SEQUENCE.ID | X32: Organizational | Y32: Identifiers | AA32: ="[" & _xlfn.TEXTJOIN(", ", TRUE, IF(I32<>"", """" & I$1 & """", ""), IF(J32<>"", """" & J$1 & """", ""), IF(K32<>"", """" & K$1 & """", ""), IF(L32<>"", """" & L$1 & """", ""), IF(M32<>"", """" & M$1 & """", ""), IF(N32<>"", """" & N$1 & """", ""), IF(O32<>"", """" & O$1 & """", ""), IF(P32<>"", """" & P$1 & """", ""), IF(Q32<>"", """" & Q$1 & """", ""), IF(R32<>"", """" & R$1 & """", ""), IF(S32<>"", """" & S$1 & """", ""), IF(T32<>"", """" & T$1 & """", ""), IF(U32<>"", """" & U$1 & """", ""), IF(X32<>"", """" & X32 & """", ""), IF(V32<>"", """" & V32 & """", ""), IF(W32<>"", """" & W32 & """", ""), IF(Y32<>"", """" & Y32 & """", ""), IF(Z32<>"", """" & Z32 & """", "") ) & "]" -> ["RKI", "Organizational", "Identifiers"] | AC32: no example needed | AD32: remove | AE32: Not in VJDB, Completly new due to byCovid | AZ32: text | BA32: freetext | BC32: metadata | BD32: exact
A33: 0ck | B33: =LOWER( IF( RIGHT( SUBSTITUTE(SUBSTITUTE(SUBSTITUTE(SUBSTITUTE(SUBSTITUTE(SUBSTITUTE(SUBSTITUTE(C33,"(","_"),")","_"),"/","_"),":","_"),"-","_")," ","_"),"__","_"), 1 )="_", LEFT( SUBSTITUTE(SUBSTITUTE(SUBSTITUTE(SUBSTITUTE(SUBSTITUTE(SUBSTITUTE(SUBSTITUTE(C33,"(","_"),")","_"),"/","_"),":","_"),"-","_")," ","_"),"__","_"), LEN( SUBSTITUTE(SUBSTITUTE(SUBSTITUTE(SUBSTITUTE(SUBSTITUTE(SUBSTITUTE(SUBSTITUTE(C33,"(","_"),")","_"),"/","_"),":","_"),"-","_")," ","_"),"__","_") )-1 ), SUBSTITUTE(SUBSTITUTE(SUBSTITUTE(SUBSTITUTE(SUBSTITUTE(SUBSTITUTE(SUBSTITUTE(C33,"(","_"),")","_"),"/","_"),":","_"),"-","_")," ","_"),"__","_") ) ) -> run_accession | C33: Run Accession | D33: References a ENA assembly to an ENA Run object. | E33: keyword | F33: internal | G33: run_accession_id | I33: run ref | X33: Organizational | Y33: Identifiers | AA33: ="[" & _xlfn.TEXTJOIN(", ", TRUE, IF(I33<>"", """" & I$1 & """", ""), IF(J33<>"", """" & J$1 & """", ""), IF(K33<>"", """" & K$1 & """", ""), IF(L33<>"", """" & L$1 & """", ""), IF(M33<>"", """" & M$1 & """", ""), IF(N33<>"", """" & N$1 & """", ""), IF(O33<>"", """" & O$1 & """", ""), IF(P33<>"", """" & P$1 & """", ""), IF(Q33<>"", """" & Q$1 & """", ""), IF(R33<>"", """" & R$1 & """", ""), IF(S33<>"", """" & S$1 & """", ""), IF(T33<>"", """" & T$1 & """", ""), IF(U33<>"", """" & U$1 & """", ""), IF(X33<>"", """" & X33 & """", ""), IF(V33<>"", """" & V33 & """", ""), IF(W33<>"", """" & W33 & """", ""), IF(Y33<>"", """" & Y33 & """", ""), IF(Z33<>"", """" & Z33 & """", "") ) & "]" -> ["ENA", "Organizational", "Identifiers"] | AC33: no example needed | AD33: keep internally | AE33: Not in VJDB, Completly new due to byCovid | AV33: recommended | AW33: recommended | AZ33: text | BA33: unique | BC33: metadata | BD33: exact
A34: 0cm | B34: =LOWER( IF( RIGHT( SUBSTITUTE(SUBSTITUTE(SUBSTITUTE(SUBSTITUTE(SUBSTITUTE(SUBSTITUTE(SUBSTITUTE(C34,"(","_"),")","_"),"/","_"),":","_"),"-","_")," ","_"),"__","_"), 1 )="_", LEFT( SUBSTITUTE(SUBSTITUTE(SUBSTITUTE(SUBSTITUTE(SUBSTITUTE(SUBSTITUTE(SUBSTITUTE(C34,"(","_"),")","_"),"/","_"),":","_"),"-","_")," ","_"),"__","_"), LEN( SUBSTITUTE(SUBSTITUTE(SUBSTITUTE(SUBSTITUTE(SUBSTITUTE(SUBSTITUTE(SUBSTITUTE(C34,"(","_"),")","_"),"/","_"),":","_"),"-","_")," ","_"),"__","_") )-1 ), SUBSTITUTE(SUBSTITUTE(SUBSTITUTE(SUBSTITUTE(SUBSTITUTE(SUBSTITUTE(SUBSTITUTE(C34,"(","_"),")","_"),"/","_"),":","_"),"-","_")," ","_"),"__","_") ) ) -> serotype | C34: Serotype | D34: Serological variety of a species characterised by its antigenic properties, e.g. H1N1. | E34: text | F34: internal | G34: sample_serotype | H34: variant | I34: serotype | K34: subspecf_gen_lin; broad field | P34: serotype (required for a seropositive sample) | Q34: serotype (required for a seropositive sample) | V34: ENA Sample | W34: VJDB Sample | X34: Sample | Y34: Clinical | AA34: ="[" & _xlfn.TEXTJOIN(", ", TRUE, IF(I34<>"", """" & I$1 & """", ""), IF(J34<>"", """" & J$1 & """", ""), IF(K34<>"", """" & K$1 & """", ""), IF(L34<>"", """" & L$1 & """", ""), IF(M34<>"", """" & M$1 & """", ""), IF(N34<>"", """" & N$1 & """", ""), IF(O34<>"", """" & O$1 & """", ""), IF(P34<>"", """" & P$1 & """", ""), IF(Q34<>"", """" & Q$1 & """", ""), IF(R34<>"", """" & R$1 & """", ""), IF(S34<>"", """" & S$1 & """", ""), IF(T34<>"", """" & T$1 & """", ""), IF(U34<>"", """" & U$1 & """", ""), IF(X34<>"", """" & X34 & """", ""), IF(V34<>"", """" & V34 & """", ""), IF(W34<>"", """" & W34 & """", ""), IF(Y34<>"", """" & Y34 & """", ""), IF(Z34<>"", """" & Z34 & """", "") ) & "]" -> ["ENA", "MIGS-VI", "ENA ERC32", "ENA ERC33", "Sample", "ENA Sample", "VJDB Sample", "Clinical"] | AC34: NCBI Virus has genotype, which includes Serotype, otherwise we have no valid informational source -> internal for now; | AD34: keep internally | AE34: Not in VJDB, Completly new due to byCovid | AP34: (Recommended) Serological variety of a species characterised by its antigenic properties. for influenza, ha subtype should be the letter h followed by a number between 1-16 unless novel subtype is identified and the na subtype should be the letter n followed by a number between 1-9 unless novel subtype is identified. if only one of the subtypes have been tested then use the format h5nx or hxn1. example: h1n1 | AS34: (Recommended) Serological variety of a species characterised by its antigenic properties. for influenza, ha subtype should be the letter h followed by a number between 1-16 unless novel subtype is identified and the na subtype should be the letter n followed by a number between 1-9 unless novel subtype is identified. if only one of the subtypes have been tested then use the format h5nx or hxn1. example: h1n1 | AU34: TEXT_FIELD | AV34: recommended | AW34: recommended | AX34: H1N1 | AY34: Free text | AZ34: suggestion | BA34: freetext | BC34: metadata | BD34: full fuzzy
A35: 0cn | B35: =LOWER( IF( RIGHT( SUBSTITUTE(SUBSTITUTE(SUBSTITUTE(SUBSTITUTE(SUBSTITUTE(SUBSTITUTE(SUBSTITUTE(C35,"(","_"),")","_"),"/","_"),":","_"),"-","_")," ","_"),"__","_"), 1 )="_", LEFT( SUBSTITUTE(SUBSTITUTE(SUBSTITUTE(SUBSTITUTE(SUBSTITUTE(SUBSTITUTE(SUBSTITUTE(C35,"(","_"),")","_"),"/","_"),":","_"),"-","_")," ","_"),"__","_"), LEN( SUBSTITUTE(SUBSTITUTE(SUBSTITUTE(SUBSTITUTE(SUBSTITUTE(SUBSTITUTE(SUBSTITUTE(C35,"(","_"),")","_"),"/","_"),":","_"),"-","_")," ","_"),"__","_") )-1 ), SUBSTITUTE(SUBSTITUTE(SUBSTITUTE(SUBSTITUTE(SUBSTITUTE(SUBSTITUTE(SUBSTITUTE(C35,"(","_"),")","_"),"/","_"),":","_"),"-","_")," ","_"),"__","_") ) ) -> abbreviation | C35: Abbreviation | D35: Common abbreviations of the virus species name. | E35: keyword | F35: internal | G35: sample_species_name_abbreviation | H35: abbreviation | X35: Sample | Y35: Virus Info | Z35: ICTV Taxonomy | AA35: ="[" & _xlfn.TEXTJOIN(", ", TRUE, IF(I35<>"", """" & I$1 & """", ""), IF(J35<>"", """" & J$1 & """", ""), IF(K35<>"", """" & K$1 & """", ""), IF(L35<>"", """" & L$1 & """", ""), IF(M35<>"", """" & M$1 & """", ""), IF(N35<>"", """" & N$1 & """", ""), IF(O35<>"", """" & O$1 & """", ""), IF(P35<>"", """" & P$1 & """", ""), IF(Q35<>"", """" & Q$1 & """", ""), IF(R35<>"", """" & R$1 & """", ""), IF(S35<>"", """" & S$1 & """", ""), IF(T35<>"", """" & T$1 & """", ""), IF(U35<>"", """" & U$1 & """", ""), IF(X35<>"", """" & X35 & """", ""), IF(V35<>"", """" & V35 & """", ""), IF(W35<>"", """" & W35 & """", ""), IF(Y35<>"", """" & Y35 & """", ""), IF(Z35<>"", """" & Z35 & """", "") ) & "]" -> ["Sample", "Virus Info", "ICTV Taxonomy"] | AB35: ICTV | AD35: tbd | AX35: HPV | AY35: Free text, common virus name abbreviations were collected by the ICTV | AZ35: suggestion | BA35: freetext | BB35: Virus name abbreviation(s) | BC35: metadata | taxonomy | BD35: exact | BE35: default search
A36: 0co | B36: =LOWER( IF( RIGHT( SUBSTITUTE(SUBSTITUTE(SUBSTITUTE(SUBSTITUTE(SUBSTITUTE(SUBSTITUTE(SUBSTITUTE(C36,"(","_"),")","_"),"/","_"),":","_"),"-","_")," ","_"),"__","_"), 1 )="_", LEFT( SUBSTITUTE(SUBSTITUTE(SUBSTITUTE(SUBSTITUTE(SUBSTITUTE(SUBSTITUTE(SUBSTITUTE(C36,"(","_"),")","_"),"/","_"),":","_"),"-","_")," ","_"),"__","_"), LEN( SUBSTITUTE(SUBSTITUTE(SUBSTITUTE(SUBSTITUTE(SUBSTITUTE(SUBSTITUTE(SUBSTITUTE(C36,"(","_"),")","_"),"/","_"),":","_"),"-","_")," ","_"),"__","_") )-1 ), SUBSTITUTE(SUBSTITUTE(SUBSTITUTE(SUBSTITUTE(SUBSTITUTE(SUBSTITUTE(SUBSTITUTE(C36,"(","_"),")","_"),"/","_"),":","_"),"-","_")," ","_"),"__","_") ) ) -> sample_species_tax_id | C36: Sample Species Tax ID | D36: Temporary NCBI Tax ID used for mapping the taxonomy tree to the metadata table. | E36: integer | F36: internal | G36: sample_species_tax_id | H36: tree_rank_txid | X36: Sample | Y36: Identifiers | Z36: NCBI Taxonomy | AA36: ="[" & _xlfn.TEXTJOIN(", ", TRUE, IF(I36<>"", """" & I$1 & """", ""), IF(J36<>"", """" & J$1 & """", ""), IF(K36<>"", """" & K$1 & """", ""), IF(L36<>"", """" & L$1 & """", ""), IF(M36<>"", """" & M$1 & """", ""), IF(N36<>"", """" & N$1 & """", ""), IF(O36<>"", """" & O$1 & """", ""), IF(P36<>"", """" & P$1 & """", ""), IF(Q36<>"", """" & Q$1 & """", ""), IF(R36<>"", """" & R$1 & """", ""), IF(S36<>"", """" & S$1 & """", ""), IF(T36<>"", """" & T$1 & """", ""), IF(U36<>"", """" & U$1 & """", ""), IF(X36<>"", """" & X36 & """", ""), IF(V36<>"", """" & V36 & """", ""), IF(W36<>"", """" & W36 & """", ""), IF(Y36<>"", """" & Y36 & """", ""), IF(Z36<>"", """" & Z36 & """", "") ) & "]" -> ["Sample", "Identifiers", "NCBI Taxonomy"] | AB36: NCBI Taxonomy | AC36: No mapping, seems to be NCBI Tax ID; not sure | AD36: tbd | AZ36: suggestion | BA36: freetext | BC36: metadata | BD36: no search
A37: 0cs | B37: =LOWER( IF( RIGHT( SUBSTITUTE(SUBSTITUTE(SUBSTITUTE(SUBSTITUTE(SUBSTITUTE(SUBSTITUTE(SUBSTITUTE(C37,"(","_"),")","_"),"/","_"),":","_"),"-","_")," ","_"),"__","_"), 1 )="_", LEFT( SUBSTITUTE(SUBSTITUTE(SUBSTITUTE(SUBSTITUTE(SUBSTITUTE(SUBSTITUTE(SUBSTITUTE(C37,"(","_"),")","_"),"/","_"),":","_"),"-","_")," ","_"),"__","_"), LEN( SUBSTITUTE(SUBSTITUTE(SUBSTITUTE(SUBSTITUTE(SUBSTITUTE(SUBSTITUTE(SUBSTITUTE(C37,"(","_"),")","_"),"/","_"),":","_"),"-","_")," ","_"),"__","_") )-1 ), SUBSTITUTE(SUBSTITUTE(SUBSTITUTE(SUBSTITUTE(SUBSTITUTE(SUBSTITUTE(SUBSTITUTE(C37,"(","_"),")","_"),"/","_"),":","_"),"-","_")," ","_"),"__","_") ) ) -> sequence_name | C37: Sequence Name | D37: Generic name of the sequence (Name of the entry). | E37: text | F37: internal | G37: sequence_name | H37: sample_name | K37: assembly_name | O37: Genome Name | X37: Analysis | Z37: Workflows | AA37: ="[" & _xlfn.TEXTJOIN(", ", TRUE, IF(I37<>"", """" & I$1 & """", ""), IF(J37<>"", """" & J$1 & """", ""), IF(K37<>"", """" & K$1 & """", ""), IF(L37<>"", """" & L$1 & """", ""), IF(M37<>"", """" & M$1 & """", ""), IF(N37<>"", """" & N$1 & """", ""), IF(O37<>"", """" & O$1 & """", ""), IF(P37<>"", """" & P$1 & """", ""), IF(Q37<>"", """" & Q$1 & """", ""), IF(R37<>"", """" & R$1 & """", ""), IF(S37<>"", """" & S$1 & """", ""), IF(T37<>"", """" & T$1 & """", ""), IF(U37<>"", """" & U$1 & """", ""), IF(X37<>"", """" & X37 & """", ""), IF(V37<>"", """" & V37 & """", ""), IF(W37<>"", """" & W37 & """", ""), IF(Y37<>"", """" & Y37 & """", ""), IF(Z37<>"", """" & Z37 & """", "") ) & "]" -> ["MIGS-VI", "BV-BRC", "Analysis", "Workflows"] | AB37: BVBRC | AC37: no example needed | AD37: change to BVBRC_genome_name | AJ37: General Info | AL37: genome_name | AM37: string_ci | AO37: change name; keep private; compare to Organism Name from NCBI Virus | AZ37: text | BA37: freetext | BC37: metadata | BD37: full | BE37: default search
A38: 0cu | B38: =LOWER( IF( RIGHT( SUBSTITUTE(SUBSTITUTE(SUBSTITUTE(SUBSTITUTE(SUBSTITUTE(SUBSTITUTE(SUBSTITUTE(C38,"(","_"),")","_"),"/","_"),":","_"),"-","_")," ","_"),"__","_"), 1 )="_", LEFT( SUBSTITUTE(SUBSTITUTE(SUBSTITUTE(SUBSTITUTE(SUBSTITUTE(SUBSTITUTE(SUBSTITUTE(C38,"(","_"),")","_"),"/","_"),":","_"),"-","_")," ","_"),"__","_"), LEN( SUBSTITUTE(SUBSTITUTE(SUBSTITUTE(SUBSTITUTE(SUBSTITUTE(SUBSTITUTE(SUBSTITUTE(C38,"(","_"),")","_"),"/","_"),":","_"),"-","_")," ","_"),"__","_") )-1 ), SUBSTITUTE(SUBSTITUTE(SUBSTITUTE(SUBSTITUTE(SUBSTITUTE(SUBSTITUTE(SUBSTITUTE(C38,"(","_"),")","_"),"/","_"),":","_"),"-","_")," ","_"),"__","_") ) ) -> publication_doi | C38: Publication DOI | D38: The DOI of the publication associated with the sequence. | E38: keyword | F38: internal | G38: sequence_publication_doi | H38: publication_doi | K38: associated_resource | X38: Organizational | Y38: Identifiers | AA38: ="[" & _xlfn.TEXTJOIN(", ", TRUE, IF(I38<>"", """" & I$1 & """", ""), IF(J38<>"", """" & J$1 & """", ""), IF(K38<>"", """" & K$1 & """", ""), IF(L38<>"", """" & L$1 & """", ""), IF(M38<>"", """" & M$1 & """", ""), IF(N38<>"", """" & N$1 & """", ""), IF(O38<>"", """" & O$1 & """", ""), IF(P38<>"", """" & P$1 & """", ""), IF(Q38<>"", """" & Q$1 & """", ""), IF(R38<>"", """" & R$1 & """", ""), IF(S38<>"", """" & S$1 & """", ""), IF(T38<>"", """" & T$1 & """", ""), IF(U38<>"", """" & U$1 & """", ""), IF(X38<>"", """" & X38 & """", ""), IF(V38<>"", """" & V38 & """", ""), IF(W38<>"", """" & W38 & """", ""), IF(Y38<>"", """" & Y38 & """", ""), IF(Z38<>"", """" & Z38 & """", "") ) & "]" -> ["MIGS-VI", "Organizational", "Identifiers"] | AB38: no source | AC38: needs curation before public; | AD38: remove | AE38: Not public in VJDB, but is already in database | AX38: 10.1000/182 | AZ38: text | BA38: freetext | BC38: metadata | BD38: exact
A39: 0cv | B39: =LOWER( IF( RIGHT( SUBSTITUTE(SUBSTITUTE(SUBSTITUTE(SUBSTITUTE(SUBSTITUTE(SUBSTITUTE(SUBSTITUTE(C39,"(","_"),")","_"),"/","_"),":","_"),"-","_")," ","_"),"__","_"), 1 )="_", LEFT( SUBSTITUTE(SUBSTITUTE(SUBSTITUTE(SUBSTITUTE(SUBSTITUTE(SUBSTITUTE(SUBSTITUTE(C39,"(","_"),")","_"),"/","_"),":","_"),"-","_")," ","_"),"__","_"), LEN( SUBSTITUTE(SUBSTITUTE(SUBSTITUTE(SUBSTITUTE(SUBSTITUTE(SUBSTITUTE(SUBSTITUTE(C39,"(","_"),")","_"),"/","_"),":","_"),"-","_")," ","_"),"__","_") )-1 ), SUBSTITUTE(SUBSTITUTE(SUBSTITUTE(SUBSTITUTE(SUBSTITUTE(SUBSTITUTE(SUBSTITUTE(C39,"(","_"),")","_"),"/","_"),":","_"),"-","_")," ","_"),"__","_") ) ) -> pubmed_accession | C39: Pubmed Accession | D39: The PubMed ID of publication associated with the sequence. | E39: integer | F39: internal | G39: sequence_pubmed_id | H39: pmid | K39: associated_resource | O39: Publication | X39: Organizational | Y39: Identifiers | AA39: ="[" & _xlfn.TEXTJOIN(", ", TRUE, IF(I39<>"", """" & I$1 & """", ""), IF(J39<>"", """" & J$1 & """", ""), IF(K39<>"", """" & K$1 & """", ""), IF(L39<>"", """" & L$1 & """", ""), IF(M39<>"", """" & M$1 & """", ""), IF(N39<>"", """" & N$1 & """", ""), IF(O39<>"", """" & O$1 & """", ""), IF(P39<>"", """" & P$1 & """", ""), IF(Q39<>"", """" & Q$1 & """", ""), IF(R39<>"", """" & R$1 & """", ""), IF(S39<>"", """" & S$1 & """", ""), IF(T39<>"", """" & T$1 & """", ""), IF(U39<>"", """" & U$1 & """", ""), IF(X39<>"", """" & X39 & """", ""), IF(V39<>"", """" & V39 & """", ""), IF(W39<>"", """" & W39 & """", ""), IF(Y39<>"", """" & Y39 & """", ""), IF(Z39<>"", """" & Z39 & """", "") ) & "]" -> ["MIGS-VI", "BV-BRC", "Organizational", "Identifiers"] | AB39: BVBRC | AC39: needs curation before public; no example needed | AJ39: DB Cross Reference | AL39: publication | AM39: string | AO39: multiple; to curate (compare with the number of pubs with ncbi virus) | AZ39: text | BA39: freetext | BC39: metadata | BD39: exact
A40: 0cw | B40: =LOWER( IF( RIGHT( SUBSTITUTE(SUBSTITUTE(SUBSTITUTE(SUBSTITUTE(SUBSTITUTE(SUBSTITUTE(SUBSTITUTE(C40,"(","_"),")","_"),"/","_"),":","_"),"-","_")," ","_"),"__","_"), 1 )="_", LEFT( SUBSTITUTE(SUBSTITUTE(SUBSTITUTE(SUBSTITUTE(SUBSTITUTE(SUBSTITUTE(SUBSTITUTE(C40,"(","_"),")","_"),"/","_"),":","_"),"-","_")," ","_"),"__","_"), LEN( SUBSTITUTE(SUBSTITUTE(SUBSTITUTE(SUBSTITUTE(SUBSTITUTE(SUBSTITUTE(SUBSTITUTE(C40,"(","_"),")","_"),"/","_"),":","_"),"-","_")," ","_"),"__","_") )-1 ), SUBSTITUTE(SUBSTITUTE(SUBSTITUTE(SUBSTITUTE(SUBSTITUTE(SUBSTITUTE(SUBSTITUTE(C40,"(","_"),")","_"),"/","_"),":","_"),"-","_")," ","_"),"__","_") ) ) -> update_date | C40: Update Date | D40: Last update date of the sequence in BVBRC (whole entry). | E40: date | F40: internal | G40: sequence_update_date | H40: update_date | O40: Date Modified | X40: Organizational | Z40: Workflows | AA40: ="[" & _xlfn.TEXTJOIN(", ", TRUE, IF(I40<>"", """" & I$1 & """", ""), IF(J40<>"", """" & J$1 & """", ""), IF(K40<>"", """" & K$1 & """", ""), IF(L40<>"", """" & L$1 & """", ""), IF(M40<>"", """" & M$1 & """", ""), IF(N40<>"", """" & N$1 & """", ""), IF(O40<>"", """" & O$1 & """", ""), IF(P40<>"", """" & P$1 & """", ""), IF(Q40<>"", """" & Q$1 & """", ""), IF(R40<>"", """" & R$1 & """", ""), IF(S40<>"", """" & S$1 & """", ""), IF(T40<>"", """" & T$1 & """", ""), IF(U40<>"", """" & U$1 & """", ""), IF(X40<>"", """" & X40 & """", ""), IF(V40<>"", """" & V40 & """", ""), IF(W40<>"", """" & W40 & """", ""), IF(Y40<>"", """" & Y40 & """", ""), IF(Z40<>"", """" & Z40 & """", "") ) & "]" -> ["BV-BRC", "Organizational", "Workflows"] | AB40: BVBRC | AD40: update definition: last update date of the record in bvbrc) | AE40: Not public in VJDB, but is already in database | AJ40: Additional Info | AL40: date_modified | AM40: pdate | AX40: 2023-05-20 | AY40: YYYY-MM-DD; Some browsers can display dates in a different format, but it is still correct(!) | AZ40: date | BA40: freetext | BC40: metadata | BD40: range
A41: 0cz | B41: =LOWER( IF( RIGHT( SUBSTITUTE(SUBSTITUTE(SUBSTITUTE(SUBSTITUTE(SUBSTITUTE(SUBSTITUTE(SUBSTITUTE(C41,"(","_"),")","_"),"/","_"),":","_"),"-","_")," ","_"),"__","_"), 1 )="_", LEFT( SUBSTITUTE(SUBSTITUTE(SUBSTITUTE(SUBSTITUTE(SUBSTITUTE(SUBSTITUTE(SUBSTITUTE(C41,"(","_"),")","_"),"/","_"),":","_"),"-","_")," ","_"),"__","_"), LEN( SUBSTITUTE(SUBSTITUTE(SUBSTITUTE(SUBSTITUTE(SUBSTITUTE(SUBSTITUTE(SUBSTITUTE(C41,"(","_"),")","_"),"/","_"),":","_"),"-","_")," ","_"),"__","_") )-1 ), SUBSTITUTE(SUBSTITUTE(SUBSTITUTE(SUBSTITUTE(SUBSTITUTE(SUBSTITUTE(SUBSTITUTE(C41,"(","_"),")","_"),"/","_"),":","_"),"-","_")," ","_"),"__","_") ) ) -> insert_size | C41: Insert Size | D41: Insert size for paired reads. | E41: integer | F41: internal | G41: sequencing_insert_size | I41: insert size | P41: insert_size | Q41: insert_size | V41: ENA Experiment | W41: VJDB Experiment | X41: Analysis | Z41: Workflows | AA41: ="[" & _xlfn.TEXTJOIN(", ", TRUE, IF(I41<>"", """" & I$1 & """", ""), IF(J41<>"", """" & J$1 & """", ""), IF(K41<>"", """" & K$1 & """", ""), IF(L41<>"", """" & L$1 & """", ""), IF(M41<>"", """" & M$1 & """", ""), IF(N41<>"", """" & N$1 & """", ""), IF(O41<>"", """" & O$1 & """", ""), IF(P41<>"", """" & P$1 & """", ""), IF(Q41<>"", """" & Q$1 & """", ""), IF(R41<>"", """" & R$1 & """", ""), IF(S41<>"", """" & S$1 & """", ""), IF(T41<>"", """" & T$1 & """", ""), IF(U41<>"", """" & U$1 & """", ""), IF(X41<>"", """" & X41 & """", ""), IF(V41<>"", """" & V41 & """", ""), IF(W41<>"", """" & W41 & """", ""), IF(Y41<>"", """" & Y41 & """", ""), IF(Z41<>"", """" & Z41 & """", "") ) & "]" -> ["ENA", "ENA ERC32", "ENA ERC33", "Analysis", "ENA Experiment", "VJDB Experiment", "Workflows"] | AC41: not sure | AD41: keep internally | AE41: Not in VJDB, Completly new due to byCovid | AP41: (Optional) Insert size for paired reads | AS41: (Optional) Insert size for paired reads | AU41: TEXT_FIELD | AV41: optional | AW41: optional | AZ41: text | BA41: freetext | BC41: metadata | BD41: range
A42: 0da | B42: =LOWER( IF( RIGHT( SUBSTITUTE(SUBSTITUTE(SUBSTITUTE(SUBSTITUTE(SUBSTITUTE(SUBSTITUTE(SUBSTITUTE(C42,"(","_"),")","_"),"/","_"),":","_"),"-","_")," ","_"),"__","_"), 1 )="_", LEFT( SUBSTITUTE(SUBSTITUTE(SUBSTITUTE(SUBSTITUTE(SUBSTITUTE(SUBSTITUTE(SUBSTITUTE(C42,"(","_"),")","_"),"/","_"),":","_"),"-","_")," ","_"),"__","_"), LEN( SUBSTITUTE(SUBSTITUTE(SUBSTITUTE(SUBSTITUTE(SUBSTITUTE(SUBSTITUTE(SUBSTITUTE(C42,"(","_"),")","_"),"/","_"),":","_"),"-","_")," ","_"),"__","_") )-1 ), SUBSTITUTE(SUBSTITUTE(SUBSTITUTE(SUBSTITUTE(SUBSTITUTE(SUBSTITUTE(SUBSTITUTE(C42,"(","_"),")","_"),"/","_"),":","_"),"-","_")," ","_"),"__","_") ) ) -> instrument | C42: Instrument | D42: Instrument model used for sequencing. | E42: text | F42: internal | G42: sequencing_instrument | I42: instrument model | K42: seq_meth | P42: instrument_model | Q42: instrument_model | V42: ENA Experiment | W42: VJDB Experiment | X42: Analysis | Z42: Workflows | AA42: ="[" & _xlfn.TEXTJOIN(", ", TRUE, IF(I42<>"", """" & I$1 & """", ""), IF(J42<>"", """" & J$1 & """", ""), IF(K42<>"", """" & K$1 & """", ""), IF(L42<>"", """" & L$1 & """", ""), IF(M42<>"", """" & M$1 & """", ""), IF(N42<>"", """" & N$1 & """", ""), IF(O42<>"", """" & O$1 & """", ""), IF(P42<>"", """" & P$1 & """", ""), IF(Q42<>"", """" & Q$1 & """", ""), IF(R42<>"", """" & R$1 & """", ""), IF(S42<>"", """" & S$1 & """", ""), IF(T42<>"", """" & T$1 & """", ""), IF(U42<>"", """" & U$1 & """", ""), IF(X42<>"", """" & X42 & """", ""), IF(V42<>"", """" & V42 & """", ""), IF(W42<>"", """" & W42 & """", ""), IF(Y42<>"", """" & Y42 & """", ""), IF(Z42<>"", """" & Z42 & """", "") ) & "]" -> ["ENA", "MIGS-VI", "ENA ERC32", "ENA ERC33", "Analysis", "ENA Experiment", "VJDB Experiment", "Workflows"] | AD42: keep internally | AE42: Not in VJDB, Completly new due to byCovid | AP42: (Mandatory) Model of the sequencing instrument. | AS42: (Mandatory) Model of the sequencing instrument. | AU42: TEXT_CHOICE_FIELD | AV42: mandatory | AW42: mandatory | AX42: AB 310 Genetic Analyzer | AY42: Defined list of values, provided by the ENA | AZ42: combo | BA42: controlled_vocabulary | BC42: metadata | BD42: exact fuzzy
A43: 0db | B43: =LOWER( IF( RIGHT( SUBSTITUTE(SUBSTITUTE(SUBSTITUTE(SUBSTITUTE(SUBSTITUTE(SUBSTITUTE(SUBSTITUTE(C43,"(","_"),")","_"),"/","_"),":","_"),"-","_")," ","_"),"__","_"), 1 )="_", LEFT( SUBSTITUTE(SUBSTITUTE(SUBSTITUTE(SUBSTITUTE(SUBSTITUTE(SUBSTITUTE(SUBSTITUTE(C43,"(","_"),")","_"),"/","_"),":","_"),"-","_")," ","_"),"__","_"), LEN( SUBSTITUTE(SUBSTITUTE(SUBSTITUTE(SUBSTITUTE(SUBSTITUTE(SUBSTITUTE(SUBSTITUTE(C43,"(","_"),")","_"),"/","_"),":","_"),"-","_")," ","_"),"__","_") )-1 ), SUBSTITUTE(SUBSTITUTE(SUBSTITUTE(SUBSTITUTE(SUBSTITUTE(SUBSTITUTE(SUBSTITUTE(C43,"(","_"),")","_"),"/","_"),":","_"),"-","_")," ","_"),"__","_") ) ) -> library_construction_protocol | C43: Library Construction Protocol | D43: The protocol used to construct the sequencing library. | E43: text | F43: internal | G43: sequencing_library_construction_protocol | I43: library construction protocol | P43: library_construction_protocol | Q43: library_construction_protocol | V43: ENA Experiment | W43: VJDB Experiment | X43: Analysis | Z43: Workflows | AA43: ="[" & _xlfn.TEXTJOIN(", ", TRUE, IF(I43<>"", """" & I$1 & """", ""), IF(J43<>"", """" & J$1 & """", ""), IF(K43<>"", """" & K$1 & """", ""), IF(L43<>"", """" & L$1 & """", ""), IF(M43<>"", """" & M$1 & """", ""), IF(N43<>"", """" & N$1 & """", ""), IF(O43<>"", """" & O$1 & """", ""), IF(P43<>"", """" & P$1 & """", ""), IF(Q43<>"", """" & Q$1 & """", ""), IF(R43<>"", """" & R$1 & """", ""), IF(S43<>"", """" & S$1 & """", ""), IF(T43<>"", """" & T$1 & """", ""), IF(U43<>"", """" & U$1 & """", ""), IF(X43<>"", """" & X43 & """", ""), IF(V43<>"", """" & V43 & """", ""), IF(W43<>"", """" & W43 & """", ""), IF(Y43<>"", """" & Y43 & """", ""), IF(Z43<>"", """" & Z43 & """", "") ) & "]" -> ["ENA", "ENA ERC32", "ENA ERC33", "Analysis", "ENA Experiment", "VJDB Experiment", "Workflows"] | AC43: not sure | AD43: keep internally | AE43: Not in VJDB, Completly new due to byCovid | AP43: (Optional) Free form text describing the protocol by which the sequencing library was constructed. | AS43: (Optional) Free form text describing the protocol by which the sequencing library was constructed. | AU43: TEXT_FIELD | AV43: optional | AW43: optional | AY43: Free text | AZ43: text | BA43: freetext | BC43: metadata | BD43: full fuzzy
A44: 0dc | B44: =LOWER( IF( RIGHT( SUBSTITUTE(SUBSTITUTE(SUBSTITUTE(SUBSTITUTE(SUBSTITUTE(SUBSTITUTE(SUBSTITUTE(C44,"(","_"),")","_"),"/","_"),":","_"),"-","_")," ","_"),"__","_"), 1 )="_", LEFT( SUBSTITUTE(SUBSTITUTE(SUBSTITUTE(SUBSTITUTE(SUBSTITUTE(SUBSTITUTE(SUBSTITUTE(C44,"(","_"),")","_"),"/","_"),":","_"),"-","_")," ","_"),"__","_"), LEN( SUBSTITUTE(SUBSTITUTE(SUBSTITUTE(SUBSTITUTE(SUBSTITUTE(SUBSTITUTE(SUBSTITUTE(C44,"(","_"),")","_"),"/","_"),":","_"),"-","_")," ","_"),"__","_") )-1 ), SUBSTITUTE(SUBSTITUTE(SUBSTITUTE(SUBSTITUTE(SUBSTITUTE(SUBSTITUTE(SUBSTITUTE(C44,"(","_"),")","_"),"/","_"),":","_"),"-","_")," ","_"),"__","_") ) ) -> library_description | C44: Library Description | D44: The design of the sequencing library including details of how it was constructed. | E44: text | F44: internal | G44: sequencing_library_description | I44: design_description | P44: design_description | Q44: design_description | V44: ENA Experiment | W44: VJDB Experiment | X44: Analysis | Z44: Workflows | AA44: ="[" & _xlfn.TEXTJOIN(", ", TRUE, IF(I44<>"", """" & I$1 & """", ""), IF(J44<>"", """" & J$1 & """", ""), IF(K44<>"", """" & K$1 & """", ""), IF(L44<>"", """" & L$1 & """", ""), IF(M44<>"", """" & M$1 & """", ""), IF(N44<>"", """" & N$1 & """", ""), IF(O44<>"", """" & O$1 & """", ""), IF(P44<>"", """" & P$1 & """", ""), IF(Q44<>"", """" & Q$1 & """", ""), IF(R44<>"", """" & R$1 & """", ""), IF(S44<>"", """" & S$1 & """", ""), IF(T44<>"", """" & T$1 & """", ""), IF(U44<>"", """" & U$1 & """", ""), IF(X44<>"", """" & X44 & """", ""), IF(V44<>"", """" & V44 & """", ""), IF(W44<>"", """" & W44 & """", ""), IF(Y44<>"", """" & Y44 & """", ""), IF(Z44<>"", """" & Z44 & """", "") ) & "]" -> ["ENA", "ENA ERC32", "ENA ERC33", "Analysis", "ENA Experiment", "VJDB Experiment", "Workflows"] | AC44: not sure | AD44: keep internally | AE44: Not in VJDB, Completly new due to byCovid | AP44: (Mandatory) Goal and setup of the individual library including library was constructed. | AS44: (Optional) Goal and setup of the individual library including library was constructed. | AU44: TEXT_AREA_FIELD | AV44: optional | AW44: optional | AY44: Free text | AZ44: text | BA44: freetext | BC44: metadata | BD44: full fuzzy
A45: 0dd | B45: =LOWER( IF( RIGHT( SUBSTITUTE(SUBSTITUTE(SUBSTITUTE(SUBSTITUTE(SUBSTITUTE(SUBSTITUTE(SUBSTITUTE(C45,"(","_"),")","_"),"/","_"),":","_"),"-","_")," ","_"),"__","_"), 1 )="_", LEFT( SUBSTITUTE(SUBSTITUTE(SUBSTITUTE(SUBSTITUTE(SUBSTITUTE(SUBSTITUTE(SUBSTITUTE(C45,"(","_"),")","_"),"/","_"),":","_"),"-","_")," ","_"),"__","_"), LEN( SUBSTITUTE(SUBSTITUTE(SUBSTITUTE(SUBSTITUTE(SUBSTITUTE(SUBSTITUTE(SUBSTITUTE(C45,"(","_"),")","_"),"/","_"),":","_"),"-","_")," ","_"),"__","_") )-1 ), SUBSTITUTE(SUBSTITUTE(SUBSTITUTE(SUBSTITUTE(SUBSTITUTE(SUBSTITUTE(SUBSTITUTE(C45,"(","_"),")","_"),"/","_"),":","_"),"-","_")," ","_"),"__","_") ) ) -> library_layout | C45: Library Layout | D45: The sequencing library layout specifies whether to expect single or paired configuration of reads. | E45: keyword | F45: internal | G45: sequencing_library_layout | I45: library_layout | K45: lib_layout | P45: library_layout | Q45: library_layout | V45: ENA Experiment | W45: VJDB Experiment | X45: Analysis | Z45: Workflows | AA45: ="[" & _xlfn.TEXTJOIN(", ", TRUE, IF(I45<>"", """" & I$1 & """", ""), IF(J45<>"", """" & J$1 & """", ""), IF(K45<>"", """" & K$1 & """", ""), IF(L45<>"", """" & L$1 & """", ""), IF(M45<>"", """" & M$1 & """", ""), IF(N45<>"", """" & N$1 & """", ""), IF(O45<>"", """" & O$1 & """", ""), IF(P45<>"", """" & P$1 & """", ""), IF(Q45<>"", """" & Q$1 & """", ""), IF(R45<>"", """" & R$1 & """", ""), IF(S45<>"", """" & S$1 & """", ""), IF(T45<>"", """" & T$1 & """", ""), IF(U45<>"", """" & U$1 & """", ""), IF(X45<>"", """" & X45 & """", ""), IF(V45<>"", """" & V45 & """", ""), IF(W45<>"", """" & W45 & """", ""), IF(Y45<>"", """" & Y45 & """", ""), IF(Z45<>"", """" & Z45 & """", "") ) & "]" -> ["ENA", "MIGS-VI", "ENA ERC32", "ENA ERC33", "Analysis", "ENA Experiment", "VJDB Experiment", "Workflows"] | AD45: keep internally | AE45: Not in VJDB, Completly new due to byCovid | AP45: (Mandatory) Library_layout specifies whether to expect single, paired, or other configuration of reads. in the case of paired reads, information about the relative distance and orientation is specified. | AS45: (Mandatory) Library_layout specifies whether to expect single, paired, or other configuration of reads. in the case of paired reads, information about the relative distance and orientation is specified. | AU45: TEXT_FIELD | AV45: mandatory | AW45: mandatory | AX45: SINGLE | AY45: Defined list of values, provided by the ENA | AZ45: combo | BA45: controlled_vocabulary | BC45: metadata | BD45: exact fuzzy
A46: 0de | B46: =LOWER( IF( RIGHT( SUBSTITUTE(SUBSTITUTE(SUBSTITUTE(SUBSTITUTE(SUBSTITUTE(SUBSTITUTE(SUBSTITUTE(C46,"(","_"),")","_"),"/","_"),":","_"),"-","_")," ","_"),"__","_"), 1 )="_", LEFT( SUBSTITUTE(SUBSTITUTE(SUBSTITUTE(SUBSTITUTE(SUBSTITUTE(SUBSTITUTE(SUBSTITUTE(C46,"(","_"),")","_"),"/","_"),":","_"),"-","_")," ","_"),"__","_"), LEN( SUBSTITUTE(SUBSTITUTE(SUBSTITUTE(SUBSTITUTE(SUBSTITUTE(SUBSTITUTE(SUBSTITUTE(C46,"(","_"),")","_"),"/","_"),":","_"),"-","_")," ","_"),"__","_") )-1 ), SUBSTITUTE(SUBSTITUTE(SUBSTITUTE(SUBSTITUTE(SUBSTITUTE(SUBSTITUTE(SUBSTITUTE(C46,"(","_"),")","_"),"/","_"),":","_"),"-","_")," ","_"),"__","_") ) ) -> library_name | C46: Library Name | D46: The name for the sequencing library if any. | E46: text | F46: internal | G46: sequencing_library_name | I46: library name | P46: library_name | Q46: library_name | V46: ENA Experiment | W46: VJDB Experiment | X46: Analysis | Z46: Workflows | AA46: ="[" & _xlfn.TEXTJOIN(", ", TRUE, IF(I46<>"", """" & I$1 & """", ""), IF(J46<>"", """" & J$1 & """", ""), IF(K46<>"", """" & K$1 & """", ""), IF(L46<>"", """" & L$1 & """", ""), IF(M46<>"", """" & M$1 & """", ""), IF(N46<>"", """" & N$1 & """", ""), IF(O46<>"", """" & O$1 & """", ""), IF(P46<>"", """" & P$1 & """", ""), IF(Q46<>"", """" & Q$1 & """", ""), IF(R46<>"", """" & R$1 & """", ""), IF(S46<>"", """" & S$1 & """", ""), IF(T46<>"", """" & T$1 & """", ""), IF(U46<>"", """" & U$1 & """", ""), IF(X46<>"", """" & X46 & """", ""), IF(V46<>"", """" & V46 & """", ""), IF(W46<>"", """" & W46 & """", ""), IF(Y46<>"", """" & Y46 & """", ""), IF(Z46<>"", """" & Z46 & """", "") ) & "]" -> ["ENA", "ENA ERC32", "ENA ERC33", "Analysis", "ENA Experiment", "VJDB Experiment", "Workflows"] | AD46: keep internally | AE46: Not in VJDB, Completly new due to byCovid | AP46: (Optional) The submitter's name for this library. | AS46: (Optional) The submitter's name for this library. | AU46: TEXT_FIELD | AV46: mandatory | AW46: mandatory | AX46: 1111898265709 | AY46: Free text | AZ46: suggestion | BA46: freetext | BC46: metadata | BD46: full fuzzy
A47: 0df | B47: =LOWER( IF( RIGHT( SUBSTITUTE(SUBSTITUTE(SUBSTITUTE(SUBSTITUTE(SUBSTITUTE(SUBSTITUTE(SUBSTITUTE(C47,"(","_"),")","_"),"/","_"),":","_"),"-","_")," ","_"),"__","_"), 1 )="_", LEFT( SUBSTITUTE(SUBSTITUTE(SUBSTITUTE(SUBSTITUTE(SUBSTITUTE(SUBSTITUTE(SUBSTITUTE(C47,"(","_"),")","_"),"/","_"),":","_"),"-","_")," ","_"),"__","_"), LEN( SUBSTITUTE(SUBSTITUTE(SUBSTITUTE(SUBSTITUTE(SUBSTITUTE(SUBSTITUTE(SUBSTITUTE(C47,"(","_"),")","_"),"/","_"),":","_"),"-","_")," ","_"),"__","_") )-1 ), SUBSTITUTE(SUBSTITUTE(SUBSTITUTE(SUBSTITUTE(SUBSTITUTE(SUBSTITUTE(SUBSTITUTE(C47,"(","_"),")","_"),"/","_"),":","_"),"-","_")," ","_"),"__","_") ) ) -> library_selection | C47: Library Selection | D47: The method used to select for or against, enrich, or screen the material being sequenced. | E47: keyword | F47: internal | G47: sequencing_library_selection | I47: library selection | K47: lib_screen | P47: library_selection | Q47: library_selection | V47: ENA Experiment | W47: VJDB Experiment | X47: Analysis | Z47: Workflows | AA47: ="[" & _xlfn.TEXTJOIN(", ", TRUE, IF(I47<>"", """" & I$1 & """", ""), IF(J47<>"", """" & J$1 & """", ""), IF(K47<>"", """" & K$1 & """", ""), IF(L47<>"", """" & L$1 & """", ""), IF(M47<>"", """" & M$1 & """", ""), IF(N47<>"", """" & N$1 & """", ""), IF(O47<>"", """" & O$1 & """", ""), IF(P47<>"", """" & P$1 & """", ""), IF(Q47<>"", """" & Q$1 & """", ""), IF(R47<>"", """" & R$1 & """", ""), IF(S47<>"", """" & S$1 & """", ""), IF(T47<>"", """" & T$1 & """", ""), IF(U47<>"", """" & U$1 & """", ""), IF(X47<>"", """" & X47 & """", ""), IF(V47<>"", """" & V47 & """", ""), IF(W47<>"", """" & W47 & """", ""), IF(Y47<>"", """" & Y47 & """", ""), IF(Z47<>"", """" & Z47 & """", "") ) & "]" -> ["ENA", "MIGS-VI", "ENA ERC32", "ENA ERC33", "Analysis", "ENA Experiment", "VJDB Experiment", "Workflows"] | AD47: keep internally | AE47: Not in VJDB, Completly new due to byCovid | AP47: (Mandatory) Method used to enrich the target in the sequence library preparation | AS47: (Mandatory) Method used to enrich the target in the sequence library preparation | AU47: TEXT_CHOICE_FIELD | AV47: mandatory | AW47: mandatory | AX47: unspecified; RANDOM | AY47: Defined list of values, provided by the ENA | AZ47: combo | BA47: controlled_vocabulary | BC47: metadata | BD47: exact fuzzy
A48: 0dg | B48: =LOWER( IF( RIGHT( SUBSTITUTE(SUBSTITUTE(SUBSTITUTE(SUBSTITUTE(SUBSTITUTE(SUBSTITUTE(SUBSTITUTE(C48,"(","_"),")","_"),"/","_"),":","_"),"-","_")," ","_"),"__","_"), 1 )="_", LEFT( SUBSTITUTE(SUBSTITUTE(SUBSTITUTE(SUBSTITUTE(SUBSTITUTE(SUBSTITUTE(SUBSTITUTE(C48,"(","_"),")","_"),"/","_"),":","_"),"-","_")," ","_"),"__","_"), LEN( SUBSTITUTE(SUBSTITUTE(SUBSTITUTE(SUBSTITUTE(SUBSTITUTE(SUBSTITUTE(SUBSTITUTE(C48,"(","_"),")","_"),"/","_"),":","_"),"-","_")," ","_"),"__","_") )-1 ), SUBSTITUTE(SUBSTITUTE(SUBSTITUTE(SUBSTITUTE(SUBSTITUTE(SUBSTITUTE(SUBSTITUTE(C48,"(","_"),")","_"),"/","_"),":","_"),"-","_")," ","_"),"__","_") ) ) -> library_source | C48: Library Source | D48: The library source specifies the type of source material that is being sequenced. | E48: keyword | F48: internal | G48: sequencing_library_source | I48: library source | P48: library_source | Q48: library_source | V48: ENA Experiment | W48: VJDB Experiment | X48: Analysis | Z48: Workflows | AA48: ="[" & _xlfn.TEXTJOIN(", ", TRUE, IF(I48<>"", """" & I$1 & """", ""), IF(J48<>"", """" & J$1 & """", ""), IF(K48<>"", """" & K$1 & """", ""), IF(L48<>"", """" & L$1 & """", ""), IF(M48<>"", """" & M$1 & """", ""), IF(N48<>"", """" & N$1 & """", ""), IF(O48<>"", """" & O$1 & """", ""), IF(P48<>"", """" & P$1 & """", ""), IF(Q48<>"", """" & Q$1 & """", ""), IF(R48<>"", """" & R$1 & """", ""), IF(S48<>"", """" & S$1 & """", ""), IF(T48<>"", """" & T$1 & """", ""), IF(U48<>"", """" & U$1 & """", ""), IF(X48<>"", """" & X48 & """", ""), IF(V48<>"", """" & V48 & """", ""), IF(W48<>"", """" & W48 & """", ""), IF(Y48<>"", """" & Y48 & """", ""), IF(Z48<>"", """" & Z48 & """", "") ) & "]" -> ["ENA", "ENA ERC32", "ENA ERC33", "Analysis", "ENA Experiment", "VJDB Experiment", "Workflows"] | AD48: keep internally | AE48: Not in VJDB, Completly new due to byCovid | AP48: (Mandatory) The library_source specifies the type of source material that is being sequenced. | AS48: (Mandatory) The library_source specifies the type of source material that is being sequenced. | AU48: TEXT_CHOICE_FIELD | AV48: mandatory | AW48: mandatory | AX48: VIRAL RNA | AY48: Defined list of values, provided by the ENA | AZ48: combo | BA48: controlled_vocabulary | BC48: metadata | BD48: exact fuzzy
A49: 0dh | B49: =LOWER( IF( RIGHT( SUBSTITUTE(SUBSTITUTE(SUBSTITUTE(SUBSTITUTE(SUBSTITUTE(SUBSTITUTE(SUBSTITUTE(C49,"(","_"),")","_"),"/","_"),":","_"),"-","_")," ","_"),"__","_"), 1 )="_", LEFT( SUBSTITUTE(SUBSTITUTE(SUBSTITUTE(SUBSTITUTE(SUBSTITUTE(SUBSTITUTE(SUBSTITUTE(C49,"(","_"),")","_"),"/","_"),":","_"),"-","_")," ","_"),"__","_"), LEN( SUBSTITUTE(SUBSTITUTE(SUBSTITUTE(SUBSTITUTE(SUBSTITUTE(SUBSTITUTE(SUBSTITUTE(C49,"(","_"),")","_"),"/","_"),":","_"),"-","_")," ","_"),"__","_") )-1 ), SUBSTITUTE(SUBSTITUTE(SUBSTITUTE(SUBSTITUTE(SUBSTITUTE(SUBSTITUTE(SUBSTITUTE(C49,"(","_"),")","_"),"/","_"),":","_"),"-","_")," ","_"),"__","_") ) ) -> library_strategy | C49: Library Strategy | D49: The sequencing technique intended for this sequencing library. | E49: keyword | F49: internal | G49: sequencing_library_strategy | H49: strategy? | I49: library strategy | P49: library_strategy | Q49: library_strategy | V49: ENA Experiment | W49: VJDB Experiment | X49: Analysis | Z49: Workflows | AA49: ="[" & _xlfn.TEXTJOIN(", ", TRUE, IF(I49<>"", """" & I$1 & """", ""), IF(J49<>"", """" & J$1 & """", ""), IF(K49<>"", """" & K$1 & """", ""), IF(L49<>"", """" & L$1 & """", ""), IF(M49<>"", """" & M$1 & """", ""), IF(N49<>"", """" & N$1 & """", ""), IF(O49<>"", """" & O$1 & """", ""), IF(P49<>"", """" & P$1 & """", ""), IF(Q49<>"", """" & Q$1 & """", ""), IF(R49<>"", """" & R$1 & """", ""), IF(S49<>"", """" & S$1 & """", ""), IF(T49<>"", """" & T$1 & """", ""), IF(U49<>"", """" & U$1 & """", ""), IF(X49<>"", """" & X49 & """", ""), IF(V49<>"", """" & V49 & """", ""), IF(W49<>"", """" & W49 & """", ""), IF(Y49<>"", """" & Y49 & """", ""), IF(Z49<>"", """" & Z49 & """", "") ) & "]" -> ["ENA", "ENA ERC32", "ENA ERC33", "Analysis", "ENA Experiment", "VJDB Experiment", "Workflows"] | AD49: keep internally | AE49: Not in VJDB, Completly new due to byCovid | AP49: (Mandatory) Sequencing technique intended for this library. | AS49: (Mandatory) Sequencing technique intended for this library. | AU49: TEXT_CHOICE_FIELD | AV49: mandatory | AW49: mandatory | AX49: AMPLICON | AY49: Defined list of values, provided by the ENA | AZ49: combo | BA49: controlled_vocabulary | BC49: metadata | BD49: exact fuzzy
A50: 0dp | B50: =LOWER( IF( RIGHT( SUBSTITUTE(SUBSTITUTE(SUBSTITUTE(SUBSTITUTE(SUBSTITUTE(SUBSTITUTE(SUBSTITUTE(C50,"(","_"),")","_"),"/","_"),":","_"),"-","_")," ","_"),"__","_"), 1 )="_", LEFT( SUBSTITUTE(SUBSTITUTE(SUBSTITUTE(SUBSTITUTE(SUBSTITUTE(SUBSTITUTE(SUBSTITUTE(C50,"(","_"),")","_"),"/","_"),":","_"),"-","_")," ","_"),"__","_"), LEN( SUBSTITUTE(SUBSTITUTE(SUBSTITUTE(SUBSTITUTE(SUBSTITUTE(SUBSTITUTE(SUBSTITUTE(C50,"(","_"),")","_"),"/","_"),":","_"),"-","_")," ","_"),"__","_") )-1 ), SUBSTITUTE(SUBSTITUTE(SUBSTITUTE(SUBSTITUTE(SUBSTITUTE(SUBSTITUTE(SUBSTITUTE(C50,"(","_"),")","_"),"/","_"),":","_"),"-","_")," ","_"),"__","_") ) ) -> virus_id | C50: Virus ID | D50: Unique ID given by the investigator as strain might not be unique. | E50: keyword | F50: internal | G50: virus_id | H50: wetlab_id? | I50: virus identifier | J50: SEQUENCE. SEQUENCING_ LAB_SAMPLE_ID maybe | P50: virus identifier | Q50: virus identifier | V50: ENA Sample | W50: VJDB Sample | X50: Sample | Y50: Clinical | AA50: ="[" & _xlfn.TEXTJOIN(", ", TRUE, IF(I50<>"", """" & I$1 & """", ""), IF(J50<>"", """" & J$1 & """", ""), IF(K50<>"", """" & K$1 & """", ""), IF(L50<>"", """" & L$1 & """", ""), IF(M50<>"", """" & M$1 & """", ""), IF(N50<>"", """" & N$1 & """", ""), IF(O50<>"", """" & O$1 & """", ""), IF(P50<>"", """" & P$1 & """", ""), IF(Q50<>"", """" & Q$1 & """", ""), IF(R50<>"", """" & R$1 & """", ""), IF(S50<>"", """" & S$1 & """", ""), IF(T50<>"", """" & T$1 & """", ""), IF(U50<>"", """" & U$1 & """", ""), IF(X50<>"", """" & X50 & """", ""), IF(V50<>"", """" & V50 & """", ""), IF(W50<>"", """" & W50 & """", ""), IF(Y50<>"", """" & Y50 & """", ""), IF(Z50<>"", """" & Z50 & """", "") ) & "]" -> ["ENA", "RKI", "ENA ERC32", "ENA ERC33", "Sample", "ENA Sample", "VJDB Sample", "Clinical "] | AC50: not sure | AD50: keep internally | AE50: Not in VJDB, Completly new due to byCovid | AP50: (Recommended) Unique laboratory identifier assigned to the virus by the investigator. strain name is not sufficient since it might not be unique due to various passsages of the same virus. format: up to 50 alphanumeric characters | AS50: (Recommended) Unique laboratory identifier assigned to the virus by the investigator. strain name is not sufficient since it might not be unique due to various passsages of the same virus. format: up to 50 alphanumeric characters | AU50: TEXT_FIELD | AV50: recommended | AW50: recommended | AZ50: text | BA50: unique | BC50: metadata | BD50: exact
A51: 0dq | B51: =LOWER( IF( RIGHT( SUBSTITUTE(SUBSTITUTE(SUBSTITUTE(SUBSTITUTE(SUBSTITUTE(SUBSTITUTE(SUBSTITUTE(C51,"(","_"),")","_"),"/","_"),":","_"),"-","_")," ","_"),"__","_"), 1 )="_", LEFT( SUBSTITUTE(SUBSTITUTE(SUBSTITUTE(SUBSTITUTE(SUBSTITUTE(SUBSTITUTE(SUBSTITUTE(C51,"(","_"),")","_"),"/","_"),":","_"),"-","_")," ","_"),"__","_"), LEN( SUBSTITUTE(SUBSTITUTE(SUBSTITUTE(SUBSTITUTE(SUBSTITUTE(SUBSTITUTE(SUBSTITUTE(C51,"(","_"),")","_"),"/","_"),":","_"),"-","_")," ","_"),"__","_") )-1 ), SUBSTITUTE(SUBSTITUTE(SUBSTITUTE(SUBSTITUTE(SUBSTITUTE(SUBSTITUTE(SUBSTITUTE(C51,"(","_"),")","_"),"/","_"),":","_"),"-","_")," ","_"),"__","_") ) ) -> antiviral_treatment | C51: Antiviral Treatment | D51: Antiviral treatment used for this subject, such as zanamavir oseltamivir, amantadine. | E51: keyword | F51: internal | P51: antiviral treatment | V51: ENA Sample | W51: VJDB Sample | X51: Host | Y51: Clinical | AA51: ="[" & _xlfn.TEXTJOIN(", ", TRUE, IF(I51<>"", """" & I$1 & """", ""), IF(J51<>"", """" & J$1 & """", ""), IF(K51<>"", """" & K$1 & """", ""), IF(L51<>"", """" & L$1 & """", ""), IF(M51<>"", """" & M$1 & """", ""), IF(N51<>"", """" & N$1 & """", ""), IF(O51<>"", """" & O$1 & """", ""), IF(P51<>"", """" & P$1 & """", ""), IF(Q51<>"", """" & Q$1 & """", ""), IF(R51<>"", """" & R$1 & """", ""), IF(S51<>"", """" & S$1 & """", ""), IF(T51<>"", """" & T$1 & """", ""), IF(U51<>"", """" & U$1 & """", ""), IF(X51<>"", """" & X51 & """", ""), IF(V51<>"", """" & V51 & """", ""), IF(W51<>"", """" & W51 & """", ""), IF(Y51<>"", """" & Y51 & """", ""), IF(Z51<>"", """" & Z51 & """", "") ) & "]" -> ["ENA ERC32", "Host", "ENA Sample", "VJDB Sample", "Clinical "] | AP51: (Optional) Antiviral treatment used for this subject, such as zanamavir oseltamivir, amantadine. example: rimantadine | AV51: optional | AW51: optional | AX51: rimantadine; amantadine | AY51: Free text | AZ51: text | BA51: freetext | BC51: metadata | BD51: full fuzzy
A52: 0dr | B52: =LOWER( IF( RIGHT( SUBSTITUTE(SUBSTITUTE(SUBSTITUTE(SUBSTITUTE(SUBSTITUTE(SUBSTITUTE(SUBSTITUTE(C52,"(","_"),")","_"),"/","_"),":","_"),"-","_")," ","_"),"__","_"), 1 )="_", LEFT( SUBSTITUTE(SUBSTITUTE(SUBSTITUTE(SUBSTITUTE(SUBSTITUTE(SUBSTITUTE(SUBSTITUTE(C52,"(","_"),")","_"),"/","_"),":","_"),"-","_")," ","_"),"__","_"), LEN( SUBSTITUTE(SUBSTITUTE(SUBSTITUTE(SUBSTITUTE(SUBSTITUTE(SUBSTITUTE(SUBSTITUTE(C52,"(","_"),")","_"),"/","_"),":","_"),"-","_")," ","_"),"__","_") )-1 ), SUBSTITUTE(SUBSTITUTE(SUBSTITUTE(SUBSTITUTE(SUBSTITUTE(SUBSTITUTE(SUBSTITUTE(C52,"(","_"),")","_"),"/","_"),":","_"),"-","_")," ","_"),"__","_") ) ) -> antiviral_treatment_dosage | C52: Antiviral Treatment Dosage | D52: Dosage of the treatment taken by the subject. example: 0.05 mg. | E52: float | F52: internal | P52: antiviral treatment dosage | V52: ENA Sample | W52: VJDB Sample | X52: Host | Y52: Clinical | AA52: ="[" & _xlfn.TEXTJOIN(", ", TRUE, IF(I52<>"", """" & I$1 & """", ""), IF(J52<>"", """" & J$1 & """", ""), IF(K52<>"", """" & K$1 & """", ""), IF(L52<>"", """" & L$1 & """", ""), IF(M52<>"", """" & M$1 & """", ""), IF(N52<>"", """" & N$1 & """", ""), IF(O52<>"", """" & O$1 & """", ""), IF(P52<>"", """" & P$1 & """", ""), IF(Q52<>"", """" & Q$1 & """", ""), IF(R52<>"", """" & R$1 & """", ""), IF(S52<>"", """" & S$1 & """", ""), IF(T52<>"", """" & T$1 & """", ""), IF(U52<>"", """" & U$1 & """", ""), IF(X52<>"", """" & X52 & """", ""), IF(V52<>"", """" & V52 & """", ""), IF(W52<>"", """" & W52 & """", ""), IF(Y52<>"", """" & Y52 & """", ""), IF(Z52<>"", """" & Z52 & """", "") ) & "]" -> ["ENA ERC32", "Host", "ENA Sample", "VJDB Sample", "Clinical "] | AP52: (Optional) Dosage of the treatment taken by the subject. example: 0.05 mg | AV52: optional | AW52: optional | AX52: 0.05 mg | AY52: Decimal number value followed by an empty space and the unit(!) | AZ52: text | BA52: freetext | BC52: metadata | BD52: full
A53: 0ds | B53: =LOWER( IF( RIGHT( SUBSTITUTE(SUBSTITUTE(SUBSTITUTE(SUBSTITUTE(SUBSTITUTE(SUBSTITUTE(SUBSTITUTE(C53,"(","_"),")","_"),"/","_"),":","_"),"-","_")," ","_"),"__","_"), 1 )="_", LEFT( SUBSTITUTE(SUBSTITUTE(SUBSTITUTE(SUBSTITUTE(SUBSTITUTE(SUBSTITUTE(SUBSTITUTE(C53,"(","_"),")","_"),"/","_"),":","_"),"-","_")," ","_"),"__","_"), LEN( SUBSTITUTE(SUBSTITUTE(SUBSTITUTE(SUBSTITUTE(SUBSTITUTE(SUBSTITUTE(SUBSTITUTE(C53,"(","_"),")","_"),"/","_"),":","_"),"-","_")," ","_"),"__","_") )-1 ), SUBSTITUTE(SUBSTITUTE(SUBSTITUTE(SUBSTITUTE(SUBSTITUTE(SUBSTITUTE(SUBSTITUTE(C53,"(","_"),")","_"),"/","_"),":","_"),"-","_")," ","_"),"__","_") ) ) -> antiviral_treatment_duration | C53: Antiviral Treatment Duration | D53: Duration of antiviral treatment after onset of clinical symptoms in days.example: 5. | E53: integer | F53: internal | P53: antiviral treatment duration | V53: ENA Sample | W53: VJDB Sample | X53: Host | Y53: Clinical | AA53: ="[" & _xlfn.TEXTJOIN(", ", TRUE, IF(I53<>"", """" & I$1 & """", ""), IF(J53<>"", """" & J$1 & """", ""), IF(K53<>"", """" & K$1 & """", ""), IF(L53<>"", """" & L$1 & """", ""), IF(M53<>"", """" & M$1 & """", ""), IF(N53<>"", """" & N$1 & """", ""), IF(O53<>"", """" & O$1 & """", ""), IF(P53<>"", """" & P$1 & """", ""), IF(Q53<>"", """" & Q$1 & """", ""), IF(R53<>"", """" & R$1 & """", ""), IF(S53<>"", """" & S$1 & """", ""), IF(T53<>"", """" & T$1 & """", ""), IF(U53<>"", """" & U$1 & """", ""), IF(X53<>"", """" & X53 & """", ""), IF(V53<>"", """" & V53 & """", ""), IF(W53<>"", """" & W53 & """", ""), IF(Y53<>"", """" & Y53 & """", ""), IF(Z53<>"", """" & Z53 & """", "") ) & "]" -> ["ENA ERC32", "Host", "ENA Sample", "VJDB Sample", "Clinical "] | AP53: (Optional) Duration of antiviral treatment after onset of clinical symptoms in days.example: 5 | AV53: optional | AW53: optional | AX53: 5 | AY53: Decimal number value(!) | AZ53: text | BA53: unique | BC53: metadata | BD53: range
A54: 0dt | B54: =LOWER( IF( RIGHT( SUBSTITUTE(SUBSTITUTE(SUBSTITUTE(SUBSTITUTE(SUBSTITUTE(SUBSTITUTE(SUBSTITUTE(C54,"(","_"),")","_"),"/","_"),":","_"),"-","_")," ","_"),"__","_"), 1 )="_", LEFT( SUBSTITUTE(SUBSTITUTE(SUBSTITUTE(SUBSTITUTE(SUBSTITUTE(SUBSTITUTE(SUBSTITUTE(C54,"(","_"),")","_"),"/","_"),":","_"),"-","_")," ","_"),"__","_"), LEN( SUBSTITUTE(SUBSTITUTE(SUBSTITUTE(SUBSTITUTE(SUBSTITUTE(SUBSTITUTE(SUBSTITUTE(C54,"(","_"),")","_"),"/","_"),":","_"),"-","_")," ","_"),"__","_") )-1 ), SUBSTITUTE(SUBSTITUTE(SUBSTITUTE(SUBSTITUTE(SUBSTITUTE(SUBSTITUTE(SUBSTITUTE(C54,"(","_"),")","_"),"/","_"),":","_"),"-","_")," ","_"),"__","_") ) ) -> antiviral_treatment_initiation | C54: Antiviral Treatment Initiation | D54: Initiation of antiviral treatment after onset of clinical symptoms in days. example: 2.5. | E54: keyword | F54: internal | P54: antiviral treatment initiation | V54: ENA Sample | W54: VJDB Sample | X54: Host | Y54: Clinical | AA54: ="[" & _xlfn.TEXTJOIN(", ", TRUE, IF(I54<>"", """" & I$1 & """", ""), IF(J54<>"", """" & J$1 & """", ""), IF(K54<>"", """" & K$1 & """", ""), IF(L54<>"", """" & L$1 & """", ""), IF(M54<>"", """" & M$1 & """", ""), IF(N54<>"", """" & N$1 & """", ""), IF(O54<>"", """" & O$1 & """", ""), IF(P54<>"", """" & P$1 & """", ""), IF(Q54<>"", """" & Q$1 & """", ""), IF(R54<>"", """" & R$1 & """", ""), IF(S54<>"", """" & S$1 & """", ""), IF(T54<>"", """" & T$1 & """", ""), IF(U54<>"", """" & U$1 & """", ""), IF(X54<>"", """" & X54 & """", ""), IF(V54<>"", """" & V54 & """", ""), IF(W54<>"", """" & W54 & """", ""), IF(Y54<>"", """" & Y54 & """", ""), IF(Z54<>"", """" & Z54 & """", "") ) & "]" -> ["ENA ERC32", "Host", "ENA Sample", "VJDB Sample", "Clinical "] | AP54: (Optional) Initiation of antiviral treatment after onset of clinical symptoms in days. example: 2.5 | AV54: optional | AW54: optional | AX54: 2.5 | AY54: Decimalnumber value(!) | AZ54: text | BA54: unique | BC54: metadata | BD54: range
A55: 0dw | B55: =LOWER( IF( RIGHT( SUBSTITUTE(SUBSTITUTE(SUBSTITUTE(SUBSTITUTE(SUBSTITUTE(SUBSTITUTE(SUBSTITUTE(C55,"(","_"),")","_"),"/","_"),":","_"),"-","_")," ","_"),"__","_"), 1 )="_", LEFT( SUBSTITUTE(SUBSTITUTE(SUBSTITUTE(SUBSTITUTE(SUBSTITUTE(SUBSTITUTE(SUBSTITUTE(C55,"(","_"),")","_"),"/","_"),":","_"),"-","_")," ","_"),"__","_"), LEN( SUBSTITUTE(SUBSTITUTE(SUBSTITUTE(SUBSTITUTE(SUBSTITUTE(SUBSTITUTE(SUBSTITUTE(C55,"(","_"),")","_"),"/","_"),":","_"),"-","_")," ","_"),"__","_") )-1 ), SUBSTITUTE(SUBSTITUTE(SUBSTITUTE(SUBSTITUTE(SUBSTITUTE(SUBSTITUTE(SUBSTITUTE(C55,"(","_"),")","_"),"/","_"),":","_"),"-","_")," ","_"),"__","_") ) ) -> gravidity | C55: Gravidity | D55: Whether or not the subject is gravid. if so, report date due or date post-conception and specify which of these two dates is being reported. | E55: keyword | F55: internal | P55: gravidity | Q55: gravidity | V55: ENA Sample | W55: VJDB Sample | X55: Sample | Y55: Clinical | AA55: ="[" & _xlfn.TEXTJOIN(", ", TRUE, IF(I55<>"", """" & I$1 & """", ""), IF(J55<>"", """" & J$1 & """", ""), IF(K55<>"", """" & K$1 & """", ""), IF(L55<>"", """" & L$1 & """", ""), IF(M55<>"", """" & M$1 & """", ""), IF(N55<>"", """" & N$1 & """", ""), IF(O55<>"", """" & O$1 & """", ""), IF(P55<>"", """" & P$1 & """", ""), IF(Q55<>"", """" & Q$1 & """", ""), IF(R55<>"", """" & R$1 & """", ""), IF(S55<>"", """" & S$1 & """", ""), IF(T55<>"", """" & T$1 & """", ""), IF(U55<>"", """" & U$1 & """", ""), IF(X55<>"", """" & X55 & """", ""), IF(V55<>"", """" & V55 & """", ""), IF(W55<>"", """" & W55 & """", ""), IF(Y55<>"", """" & Y55 & """", ""), IF(Z55<>"", """" & Z55 & """", "") ) & "]" -> ["ENA ERC32", "ENA ERC33", "Sample", "ENA Sample", "VJDB Sample", "Clinical "] | AP55: (Optional) Whether or not the subject is gravid. if so, report date due or date post-conception and specify which of these two dates is being reported. | AS55: (Optional) Whether or not the subject is gravid. if so, report date due or date post-conception and specify which of these two dates is being reported. | AU55: TEXT_FIELD | AV55: optional | AW55: optional | AX55: no: yes, post-conception date 2020-05-07 | AY55: yes/no, if yes provide post conception date or date due with carification which one it is(!) | AZ55: text | BA55: freetext | BC55: metadata | BD55: no
A56: 0dx | B56: =LOWER( IF( RIGHT( SUBSTITUTE(SUBSTITUTE(SUBSTITUTE(SUBSTITUTE(SUBSTITUTE(SUBSTITUTE(SUBSTITUTE(C56,"(","_"),")","_"),"/","_"),":","_"),"-","_")," ","_"),"__","_"), 1 )="_", LEFT( SUBSTITUTE(SUBSTITUTE(SUBSTITUTE(SUBSTITUTE(SUBSTITUTE(SUBSTITUTE(SUBSTITUTE(C56,"(","_"),")","_"),"/","_"),":","_"),"-","_")," ","_"),"__","_"), LEN( SUBSTITUTE(SUBSTITUTE(SUBSTITUTE(SUBSTITUTE(SUBSTITUTE(SUBSTITUTE(SUBSTITUTE(C56,"(","_"),")","_"),"/","_"),":","_"),"-","_")," ","_"),"__","_") )-1 ), SUBSTITUTE(SUBSTITUTE(SUBSTITUTE(SUBSTITUTE(SUBSTITUTE(SUBSTITUTE(SUBSTITUTE(C56,"(","_"),")","_"),"/","_"),":","_"),"-","_")," ","_"),"__","_") ) ) -> hospitalisation | C56: Hospitalisation | D56: Was the subject confined to a hospital as a result of virus infection or problems occurring secondary to virus infection? | E56: keyword | F56: internal | P56: hospitalisation | Q56: hospitalisation | V56: ENA Sample | W56: VJDB Sample | X56: Sample | Y56: Clinical | AA56: ="[" & _xlfn.TEXTJOIN(", ", TRUE, IF(I56<>"", """" & I$1 & """", ""), IF(J56<>"", """" & J$1 & """", ""), IF(K56<>"", """" & K$1 & """", ""), IF(L56<>"", """" & L$1 & """", ""), IF(M56<>"", """" & M$1 & """", ""), IF(N56<>"", """" & N$1 & """", ""), IF(O56<>"", """" & O$1 & """", ""), IF(P56<>"", """" & P$1 & """", ""), IF(Q56<>"", """" & Q$1 & """", ""), IF(R56<>"", """" & R$1 & """", ""), IF(S56<>"", """" & S$1 & """", ""), IF(T56<>"", """" & T$1 & """", ""), IF(U56<>"", """" & U$1 & """", ""), IF(X56<>"", """" & X56 & """", ""), IF(V56<>"", """" & V56 & """", ""), IF(W56<>"", """" & W56 & """", ""), IF(Y56<>"", """" & Y56 & """", ""), IF(Z56<>"", """" & Z56 & """", "") ) & "]" -> ["ENA ERC32", "ENA ERC33", "Sample", "ENA Sample", "VJDB Sample", "Clinical "] | AP56: (Optional) Was the subject confined to a hospital as a result of virus infection or problems occurring secondary to virus infection? | AS56: (Optional) Was the subject confined to a hospital as a result of virus infection or problems occurring secondary to virus infection? | AU56: TEXT_CHOICE_FIELD | AV56: optional | AW56: optional | AX56: yes; no | AY56: Defined list of values, provided by the ENA | AZ56: combo | BA56: controlled_vocabulary | BC56: metadata | BD56: no
A57: 0dy | B57: =LOWER( IF( RIGHT( SUBSTITUTE(SUBSTITUTE(SUBSTITUTE(SUBSTITUTE(SUBSTITUTE(SUBSTITUTE(SUBSTITUTE(C57,"(","_"),")","_"),"/","_"),":","_"),"-","_")," ","_"),"__","_"), 1 )="_", LEFT( SUBSTITUTE(SUBSTITUTE(SUBSTITUTE(SUBSTITUTE(SUBSTITUTE(SUBSTITUTE(SUBSTITUTE(C57,"(","_"),")","_"),"/","_"),":","_"),"-","_")," ","_"),"__","_"), LEN( SUBSTITUTE(SUBSTITUTE(SUBSTITUTE(SUBSTITUTE(SUBSTITUTE(SUBSTITUTE(SUBSTITUTE(C57,"(","_"),")","_"),"/","_"),":","_"),"-","_")," ","_"),"__","_") )-1 ), SUBSTITUTE(SUBSTITUTE(SUBSTITUTE(SUBSTITUTE(SUBSTITUTE(SUBSTITUTE(SUBSTITUTE(C57,"(","_"),")","_"),"/","_"),":","_"),"-","_")," ","_"),"__","_") ) ) -> host_description | C57: Host Description | D57: Other descriptive information relating to the host. | E57: text | F57: internal | P57: host description | Q57: host description | V57: ENA Sample | W57: VJDB Sample | X57: Host | Y57: Clinical | AA57: ="[" & _xlfn.TEXTJOIN(", ", TRUE, IF(I57<>"", """" & I$1 & """", ""), IF(J57<>"", """" & J$1 & """", ""), IF(K57<>"", """" & K$1 & """", ""), IF(L57<>"", """" & L$1 & """", ""), IF(M57<>"", """" & M$1 & """", ""), IF(N57<>"", """" & N$1 & """", ""), IF(O57<>"", """" & O$1 & """", ""), IF(P57<>"", """" & P$1 & """", ""), IF(Q57<>"", """" & Q$1 & """", ""), IF(R57<>"", """" & R$1 & """", ""), IF(S57<>"", """" & S$1 & """", ""), IF(T57<>"", """" & T$1 & """", ""), IF(U57<>"", """" & U$1 & """", ""), IF(X57<>"", """" & X57 & """", ""), IF(V57<>"", """" & V57 & """", ""), IF(W57<>"", """" & W57 & """", ""), IF(Y57<>"", """" & Y57 & """", ""), IF(Z57<>"", """" & Z57 & """", "") ) & "]" -> ["ENA ERC32", "ENA ERC33", "Host", "ENA Sample", "VJDB Sample", "Clinical "] | AC57: no example needed | AP57: (Optional) Other descriptive information relating to the host. | AS57: (Optional) Other descriptive information relating to the host. | AU57: TEXT_FIELD | AV57: optional | AW57: optional | AY57: Free text | AZ57: textarea | BA57: freetext | BC57: metadata | BD57: no
A58: 0dz | B58: =LOWER( IF( RIGHT( SUBSTITUTE(SUBSTITUTE(SUBSTITUTE(SUBSTITUTE(SUBSTITUTE(SUBSTITUTE(SUBSTITUTE(C58,"(","_"),")","_"),"/","_"),":","_"),"-","_")," ","_"),"__","_"), 1 )="_", LEFT( SUBSTITUTE(SUBSTITUTE(SUBSTITUTE(SUBSTITUTE(SUBSTITUTE(SUBSTITUTE(SUBSTITUTE(C58,"(","_"),")","_"),"/","_"),":","_"),"-","_")," ","_"),"__","_"), LEN( SUBSTITUTE(SUBSTITUTE(SUBSTITUTE(SUBSTITUTE(SUBSTITUTE(SUBSTITUTE(SUBSTITUTE(C58,"(","_"),")","_"),"/","_"),":","_"),"-","_")," ","_"),"__","_") )-1 ), SUBSTITUTE(SUBSTITUTE(SUBSTITUTE(SUBSTITUTE(SUBSTITUTE(SUBSTITUTE(SUBSTITUTE(C58,"(","_"),")","_"),"/","_"),":","_"),"-","_")," ","_"),"__","_") ) ) -> illness_duration | C58: Illness Duration | D58: The number of days the illness lasted. example: 4 | E58: integer | F58: internal | P58: illness duration | Q58: illness duration | V58: ENA Sample | W58: VJDB Sample | X58: Host | Y58: Clinical | AA58: ="[" & _xlfn.TEXTJOIN(", ", TRUE, IF(I58<>"", """" & I$1 & """", ""), IF(J58<>"", """" & J$1 & """", ""), IF(K58<>"", """" & K$1 & """", ""), IF(L58<>"", """" & L$1 & """", ""), IF(M58<>"", """" & M$1 & """", ""), IF(N58<>"", """" & N$1 & """", ""), IF(O58<>"", """" & O$1 & """", ""), IF(P58<>"", """" & P$1 & """", ""), IF(Q58<>"", """" & Q$1 & """", ""), IF(R58<>"", """" & R$1 & """", ""), IF(S58<>"", """" & S$1 & """", ""), IF(T58<>"", """" & T$1 & """", ""), IF(U58<>"", """" & U$1 & """", ""), IF(X58<>"", """" & X58 & """", ""), IF(V58<>"", """" & V58 & """", ""), IF(W58<>"", """" & W58 & """", ""), IF(Y58<>"", """" & Y58 & """", ""), IF(Z58<>"", """" & Z58 & """", "") ) & "]" -> ["ENA ERC32", "ENA ERC33", "Host", "ENA Sample", "VJDB Sample", "Clinical "] | AP58: (Optional) The number of days the illness lasted. example: 4 | AS58: (Optional) The number of days the illness lasted. example: 4 | AU58: TEXT_FIELD | AV58: optional | AW58: optional | AX58: 4 | AY58: Whole number value | AZ58: text | BA58: unique | BC58: metadata | BD58: no
A59: 0ea | B59: =LOWER( IF( RIGHT( SUBSTITUTE(SUBSTITUTE(SUBSTITUTE(SUBSTITUTE(SUBSTITUTE(SUBSTITUTE(SUBSTITUTE(C59,"(","_"),")","_"),"/","_"),":","_"),"-","_")," ","_"),"__","_"), 1 )="_", LEFT( SUBSTITUTE(SUBSTITUTE(SUBSTITUTE(SUBSTITUTE(SUBSTITUTE(SUBSTITUTE(SUBSTITUTE(C59,"(","_"),")","_"),"/","_"),":","_"),"-","_")," ","_"),"__","_"), LEN( SUBSTITUTE(SUBSTITUTE(SUBSTITUTE(SUBSTITUTE(SUBSTITUTE(SUBSTITUTE(SUBSTITUTE(C59,"(","_"),")","_"),"/","_"),":","_"),"-","_")," ","_"),"__","_") )-1 ), SUBSTITUTE(SUBSTITUTE(SUBSTITUTE(SUBSTITUTE(SUBSTITUTE(SUBSTITUTE(SUBSTITUTE(C59,"(","_"),")","_"),"/","_"),":","_"),"-","_")," ","_"),"__","_") ) ) -> illness_onset_date | C59: Illness Onset Date | D59: Date the subject showed an onset of symptoms. format: yyyy-mm-dd. example: 2011-10-20 | E59: date | F59: internal | P59: illness onset date | V59: ENA Sample | W59: VJDB Sample | X59: Host | Y59: Clinical | AA59: ="[" & _xlfn.TEXTJOIN(", ", TRUE, IF(I59<>"", """" & I$1 & """", ""), IF(J59<>"", """" & J$1 & """", ""), IF(K59<>"", """" & K$1 & """", ""), IF(L59<>"", """" & L$1 & """", ""), IF(M59<>"", """" & M$1 & """", ""), IF(N59<>"", """" & N$1 & """", ""), IF(O59<>"", """" & O$1 & """", ""), IF(P59<>"", """" & P$1 & """", ""), IF(Q59<>"", """" & Q$1 & """", ""), IF(R59<>"", """" & R$1 & """", ""), IF(S59<>"", """" & S$1 & """", ""), IF(T59<>"", """" & T$1 & """", ""), IF(U59<>"", """" & U$1 & """", ""), IF(X59<>"", """" & X59 & """", ""), IF(V59<>"", """" & V59 & """", ""), IF(W59<>"", """" & W59 & """", ""), IF(Y59<>"", """" & Y59 & """", ""), IF(Z59<>"", """" & Z59 & """", "") ) & "]" -> ["ENA ERC32", "Host", "ENA Sample", "VJDB Sample", "Clinical "] | AP59: (Optional) Date the subject showed an onset of symptoms. format: yyyy-mm-dd. example: 2011-10-20 | AV59: optional | AW59: optional | AX59: 2011-10-20 | AY59: YYYY-MM-DD; Some browsers can display dates in a different format, but it is still correct(!) | AZ59: date | BA59: freetext | BC59: metadata | BD59: no
A60: 0eb | B60: =LOWER( IF( RIGHT( SUBSTITUTE(SUBSTITUTE(SUBSTITUTE(SUBSTITUTE(SUBSTITUTE(SUBSTITUTE(SUBSTITUTE(C60,"(","_"),")","_"),"/","_"),":","_"),"-","_")," ","_"),"__","_"), 1 )="_", LEFT( SUBSTITUTE(SUBSTITUTE(SUBSTITUTE(SUBSTITUTE(SUBSTITUTE(SUBSTITUTE(SUBSTITUTE(C60,"(","_"),")","_"),"/","_"),":","_"),"-","_")," ","_"),"__","_"), LEN( SUBSTITUTE(SUBSTITUTE(SUBSTITUTE(SUBSTITUTE(SUBSTITUTE(SUBSTITUTE(SUBSTITUTE(C60,"(","_"),")","_"),"/","_"),":","_"),"-","_")," ","_"),"__","_") )-1 ), SUBSTITUTE(SUBSTITUTE(SUBSTITUTE(SUBSTITUTE(SUBSTITUTE(SUBSTITUTE(SUBSTITUTE(C60,"(","_"),")","_"),"/","_"),":","_"),"-","_")," ","_"),"__","_") ) ) -> illness_symptoms | C60: Illness Symptoms | D60: The symptoms that have been reported in relation to the illness, such as cough, diarrhea, fever, headache, malaise, myalgia, nausea, runny_nose, shortness_of_breath, sore_throat. if multiple exposures are applicable, please state them separated by semicolon. | E60: text | F60: internal | P60: illness symptoms | Q60: illness symptoms | V60: ENA Sample | W60: VJDB Sample | X60: Host | Y60: Clinical | AA60: ="[" & _xlfn.TEXTJOIN(", ", TRUE, IF(I60<>"", """" & I$1 & """", ""), IF(J60<>"", """" & J$1 & """", ""), IF(K60<>"", """" & K$1 & """", ""), IF(L60<>"", """" & L$1 & """", ""), IF(M60<>"", """" & M$1 & """", ""), IF(N60<>"", """" & N$1 & """", ""), IF(O60<>"", """" & O$1 & """", ""), IF(P60<>"", """" & P$1 & """", ""), IF(Q60<>"", """" & Q$1 & """", ""), IF(R60<>"", """" & R$1 & """", ""), IF(S60<>"", """" & S$1 & """", ""), IF(T60<>"", """" & T$1 & """", ""), IF(U60<>"", """" & U$1 & """", ""), IF(X60<>"", """" & X60 & """", ""), IF(V60<>"", """" & V60 & """", ""), IF(W60<>"", """" & W60 & """", ""), IF(Y60<>"", """" & Y60 & """", ""), IF(Z60<>"", """" & Z60 & """", "") ) & "]" -> ["ENA ERC32", "ENA ERC33", "Host", "ENA Sample", "VJDB Sample", "Clinical "] | AP60: (Optional) The symptoms that have been reported in relation to the illness, such as cough, diarrhea, fever, headache, malaise, myalgia, nausea, runny_nose, shortness_of_breath, sore_throat. if multiple exposures are applicable, please state them separated by semicolon. | AS60: (Optional) The symptoms that have been reported in relation to the illness, such as cough, diarrhea, fever, headache, malaise, myalgia, nausea, runny_nose, shortness_of_breath, sore_throat. if multiple exposures are applicable, please state them separated by semicolon. | AU60: TEXT_AREA_FIELD | AV60: optional | AW60: optional | AX60: fever; headache; malaise; myalgia; nausea; runny_nose | AY60: Free text, symptoms seperated by semicolon | AZ60: text | BA60: freetext | BC60: metadata | BD60: no
A61: 0ec | B61: =LOWER( IF( RIGHT( SUBSTITUTE(SUBSTITUTE(SUBSTITUTE(SUBSTITUTE(SUBSTITUTE(SUBSTITUTE(SUBSTITUTE(C61,"(","_"),")","_"),"/","_"),":","_"),"-","_")," ","_"),"__","_"), 1 )="_", LEFT( SUBSTITUTE(SUBSTITUTE(SUBSTITUTE(SUBSTITUTE(SUBSTITUTE(SUBSTITUTE(SUBSTITUTE(C61,"(","_"),")","_"),"/","_"),":","_"),"-","_")," ","_"),"__","_"), LEN( SUBSTITUTE(SUBSTITUTE(SUBSTITUTE(SUBSTITUTE(SUBSTITUTE(SUBSTITUTE(SUBSTITUTE(C61,"(","_"),")","_"),"/","_"),":","_"),"-","_")," ","_"),"__","_") )-1 ), SUBSTITUTE(SUBSTITUTE(SUBSTITUTE(SUBSTITUTE(SUBSTITUTE(SUBSTITUTE(SUBSTITUTE(C61,"(","_"),")","_"),"/","_"),":","_"),"-","_")," ","_"),"__","_") ) ) -> influenza_strain_unique_number | C61: Influenza Strain Unique Number | D61: Unique number of the strain which is reported as a part of the influenza strain name, such as a/chicken/fujian/411/2002(hxn1). format: integer number, example: 411 | E61: text | F61: internal | P61: influenza strain unique number | V61: ENA Sample | W61: VJDB Sample | X61: Sample | Y61: Clinical | AA61: ="[" & _xlfn.TEXTJOIN(", ", TRUE, IF(I61<>"", """" & I$1 & """", ""), IF(J61<>"", """" & J$1 & """", ""), IF(K61<>"", """" & K$1 & """", ""), IF(L61<>"", """" & L$1 & """", ""), IF(M61<>"", """" & M$1 & """", ""), IF(N61<>"", """" & N$1 & """", ""), IF(O61<>"", """" & O$1 & """", ""), IF(P61<>"", """" & P$1 & """", ""), IF(Q61<>"", """" & Q$1 & """", ""), IF(R61<>"", """" & R$1 & """", ""), IF(S61<>"", """" & S$1 & """", ""), IF(T61<>"", """" & T$1 & """", ""), IF(U61<>"", """" & U$1 & """", ""), IF(X61<>"", """" & X61 & """", ""), IF(V61<>"", """" & V61 & """", ""), IF(W61<>"", """" & W61 & """", ""), IF(Y61<>"", """" & Y61 & """", ""), IF(Z61<>"", """" & Z61 & """", "") ) & "]" -> ["ENA ERC32", "Sample", "ENA Sample", "VJDB Sample", "Clinical "] | AP61: (Optional) Unique number of the strain which is reported as a part of the influenza strain name, such as a/chicken/fujian/411/2002(hxn1). format: integer number, example: 411 | AV61: optional | AW61: optional | AX61: 411 | AY61: Whole number value | AZ61: text | BA61: unique | BC61: metadata | BD61: no
A62: 0ed | B62: =LOWER( IF( RIGHT( SUBSTITUTE(SUBSTITUTE(SUBSTITUTE(SUBSTITUTE(SUBSTITUTE(SUBSTITUTE(SUBSTITUTE(C62,"(","_"),")","_"),"/","_"),":","_"),"-","_")," ","_"),"__","_"), 1 )="_", LEFT( SUBSTITUTE(SUBSTITUTE(SUBSTITUTE(SUBSTITUTE(SUBSTITUTE(SUBSTITUTE(SUBSTITUTE(C62,"(","_"),")","_"),"/","_"),":","_"),"-","_")," ","_"),"__","_"), LEN( SUBSTITUTE(SUBSTITUTE(SUBSTITUTE(SUBSTITUTE(SUBSTITUTE(SUBSTITUTE(SUBSTITUTE(C62,"(","_"),")","_"),"/","_"),":","_"),"-","_")," ","_"),"__","_") )-1 ), SUBSTITUTE(SUBSTITUTE(SUBSTITUTE(SUBSTITUTE(SUBSTITUTE(SUBSTITUTE(SUBSTITUTE(C62,"(","_"),")","_"),"/","_"),":","_"),"-","_")," ","_"),"__","_") ) ) -> influenza_vaccination_date | C62: Influenza Vaccination Date | D62: Date that the influenza vaccination was administered to the subject over the past year. format: yyyy-mm-dd. example: 2007-05-12 | E62: date | F62: internal | P62: influenza vaccination date | V62: ENA Sample | W62: VJDB Sample | X62: Sample | Y62: Clinical | AA62: ="[" & _xlfn.TEXTJOIN(", ", TRUE, IF(I62<>"", """" & I$1 & """", ""), IF(J62<>"", """" & J$1 & """", ""), IF(K62<>"", """" & K$1 & """", ""), IF(L62<>"", """" & L$1 & """", ""), IF(M62<>"", """" & M$1 & """", ""), IF(N62<>"", """" & N$1 & """", ""), IF(O62<>"", """" & O$1 & """", ""), IF(P62<>"", """" & P$1 & """", ""), IF(Q62<>"", """" & Q$1 & """", ""), IF(R62<>"", """" & R$1 & """", ""), IF(S62<>"", """" & S$1 & """", ""), IF(T62<>"", """" & T$1 & """", ""), IF(U62<>"", """" & U$1 & """", ""), IF(X62<>"", """" & X62 & """", ""), IF(V62<>"", """" & V62 & """", ""), IF(W62<>"", """" & W62 & """", ""), IF(Y62<>"", """" & Y62 & """", ""), IF(Z62<>"", """" & Z62 & """", "") ) & "]" -> ["ENA ERC32", "Sample", "ENA Sample", "VJDB Sample", "Clinical "] | AP62: (Optional) Date that the influenza vaccination was administered to the subject over the past year. format: yyyy-mm-dd. example: 2007-05-12 | AV62: optional | AW62: optional | AX62: 2007-05-12 | AY62: YYYY-MM-DD; Some browsers can display dates in a different format, but it is still correct(!) | AZ62: date | BA62: freetext | BC62: metadata | BD62: no
A63: 0ee | B63: =LOWER( IF( RIGHT( SUBSTITUTE(SUBSTITUTE(SUBSTITUTE(SUBSTITUTE(SUBSTITUTE(SUBSTITUTE(SUBSTITUTE(C63,"(","_"),")","_"),"/","_"),":","_"),"-","_")," ","_"),"__","_"), 1 )="_", LEFT( SUBSTITUTE(SUBSTITUTE(SUBSTITUTE(SUBSTITUTE(SUBSTITUTE(SUBSTITUTE(SUBSTITUTE(C63,"(","_"),")","_"),"/","_"),":","_"),"-","_")," ","_"),"__","_"), LEN( SUBSTITUTE(SUBSTITUTE(SUBSTITUTE(SUBSTITUTE(SUBSTITUTE(SUBSTITUTE(SUBSTITUTE(C63,"(","_"),")","_"),"/","_"),":","_"),"-","_")," ","_"),"__","_") )-1 ), SUBSTITUTE(SUBSTITUTE(SUBSTITUTE(SUBSTITUTE(SUBSTITUTE(SUBSTITUTE(SUBSTITUTE(C63,"(","_"),")","_"),"/","_"),":","_"),"-","_")," ","_"),"__","_") ) ) -> influenza_vaccination_type | C63: Influenza Vaccination Type | D63: Influenza vaccinations that have been administered to the subject over the last year. example: 2009 h1n1 flumist | E63: keyword | F63: internal | P63: influenza vaccination type | V63: ENA Sample | W63: VJDB Sample | X63: Sample | Y63: Clinical | AA63: ="[" & _xlfn.TEXTJOIN(", ", TRUE, IF(I63<>"", """" & I$1 & """", ""), IF(J63<>"", """" & J$1 & """", ""), IF(K63<>"", """" & K$1 & """", ""), IF(L63<>"", """" & L$1 & """", ""), IF(M63<>"", """" & M$1 & """", ""), IF(N63<>"", """" & N$1 & """", ""), IF(O63<>"", """" & O$1 & """", ""), IF(P63<>"", """" & P$1 & """", ""), IF(Q63<>"", """" & Q$1 & """", ""), IF(R63<>"", """" & R$1 & """", ""), IF(S63<>"", """" & S$1 & """", ""), IF(T63<>"", """" & T$1 & """", ""), IF(U63<>"", """" & U$1 & """", ""), IF(X63<>"", """" & X63 & """", ""), IF(V63<>"", """" & V63 & """", ""), IF(W63<>"", """" & W63 & """", ""), IF(Y63<>"", """" & Y63 & """", ""), IF(Z63<>"", """" & Z63 & """", "") ) & "]" -> ["ENA ERC32", "Sample", "ENA Sample", "VJDB Sample", "Clinical "] | AP63: (Optional) Influenza vaccinations that have been administered to the subject over the last year. example: 2009 h1n1 flumist | AV63: optional | AW63: optional | AX63: 2009 h1n1 flumist | AY63: Free text | AZ63: text | BA63: freetext | BC63: metadata | BD63: no
A64: 0ef | B64: =LOWER( IF( RIGHT( SUBSTITUTE(SUBSTITUTE(SUBSTITUTE(SUBSTITUTE(SUBSTITUTE(SUBSTITUTE(SUBSTITUTE(C64,"(","_"),")","_"),"/","_"),":","_"),"-","_")," ","_"),"__","_"), 1 )="_", LEFT( SUBSTITUTE(SUBSTITUTE(SUBSTITUTE(SUBSTITUTE(SUBSTITUTE(SUBSTITUTE(SUBSTITUTE(C64,"(","_"),")","_"),"/","_"),":","_"),"-","_")," ","_"),"__","_"), LEN( SUBSTITUTE(SUBSTITUTE(SUBSTITUTE(SUBSTITUTE(SUBSTITUTE(SUBSTITUTE(SUBSTITUTE(C64,"(","_"),")","_"),"/","_"),":","_"),"-","_")," ","_"),"__","_") )-1 ), SUBSTITUTE(SUBSTITUTE(SUBSTITUTE(SUBSTITUTE(SUBSTITUTE(SUBSTITUTE(SUBSTITUTE(C64,"(","_"),")","_"),"/","_"),":","_"),"-","_")," ","_"),"__","_") ) ) -> influenza_like_illness_at_the_time_of_sample_collection | C64: Influenza-like Illness at the Time of Sample Collection | D64: Is the subject at the time of sample collection considered to have influenza like illness? | E64: keyword | F64: internal | P64: influenza-like illness at the time of sample collection | V64: ENA Sample | W64: VJDB Sample | X64: Sample | Y64: Clinical | AA64: ="[" & _xlfn.TEXTJOIN(", ", TRUE, IF(I64<>"", """" & I$1 & """", ""), IF(J64<>"", """" & J$1 & """", ""), IF(K64<>"", """" & K$1 & """", ""), IF(L64<>"", """" & L$1 & """", ""), IF(M64<>"", """" & M$1 & """", ""), IF(N64<>"", """" & N$1 & """", ""), IF(O64<>"", """" & O$1 & """", ""), IF(P64<>"", """" & P$1 & """", ""), IF(Q64<>"", """" & Q$1 & """", ""), IF(R64<>"", """" & R$1 & """", ""), IF(S64<>"", """" & S$1 & """", ""), IF(T64<>"", """" & T$1 & """", ""), IF(U64<>"", """" & U$1 & """", ""), IF(X64<>"", """" & X64 & """", ""), IF(V64<>"", """" & V64 & """", ""), IF(W64<>"", """" & W64 & """", ""), IF(Y64<>"", """" & Y64 & """", ""), IF(Z64<>"", """" & Z64 & """", "") ) & "]" -> ["ENA ERC32", "Sample", "ENA Sample", "VJDB Sample", "Clinical "] | AP64: (Optional) Is the subject at the time of sample collection considered to have influenza like illness? | AV64: optional | AW64: optional | AX64: yes; no | AY64: Defined list of values, provided by the ENA | AZ64: text | BA64: freetext | BC64: metadata | BD64: no
A65: 0eg | B65: =LOWER( IF( RIGHT( SUBSTITUTE(SUBSTITUTE(SUBSTITUTE(SUBSTITUTE(SUBSTITUTE(SUBSTITUTE(SUBSTITUTE(C65,"(","_"),")","_"),"/","_"),":","_"),"-","_")," ","_"),"__","_"), 1 )="_", LEFT( SUBSTITUTE(SUBSTITUTE(SUBSTITUTE(SUBSTITUTE(SUBSTITUTE(SUBSTITUTE(SUBSTITUTE(C65,"(","_"),")","_"),"/","_"),":","_"),"-","_")," ","_"),"__","_"), LEN( SUBSTITUTE(SUBSTITUTE(SUBSTITUTE(SUBSTITUTE(SUBSTITUTE(SUBSTITUTE(SUBSTITUTE(C65,"(","_"),")","_"),"/","_"),":","_"),"-","_")," ","_"),"__","_") )-1 ), SUBSTITUTE(SUBSTITUTE(SUBSTITUTE(SUBSTITUTE(SUBSTITUTE(SUBSTITUTE(SUBSTITUTE(C65,"(","_"),")","_"),"/","_"),":","_"),"-","_")," ","_"),"__","_") ) ) -> inoculation_dose | C65: Inoculation Dose | D65: Dose used for the inoculoation experiment. | E65: keyword | F65: internal | P65: inoculation dose | V65: ENA Sample | W65: VJDB Sample | X65: Sample | Y65: Clinical | AA65: ="[" & _xlfn.TEXTJOIN(", ", TRUE, IF(I65<>"", """" & I$1 & """", ""), IF(J65<>"", """" & J$1 & """", ""), IF(K65<>"", """" & K$1 & """", ""), IF(L65<>"", """" & L$1 & """", ""), IF(M65<>"", """" & M$1 & """", ""), IF(N65<>"", """" & N$1 & """", ""), IF(O65<>"", """" & O$1 & """", ""), IF(P65<>"", """" & P$1 & """", ""), IF(Q65<>"", """" & Q$1 & """", ""), IF(R65<>"", """" & R$1 & """", ""), IF(S65<>"", """" & S$1 & """", ""), IF(T65<>"", """" & T$1 & """", ""), IF(U65<>"", """" & U$1 & """", ""), IF(X65<>"", """" & X65 & """", ""), IF(V65<>"", """" & V65 & """", ""), IF(W65<>"", """" & W65 & """", ""), IF(Y65<>"", """" & Y65 & """", ""), IF(Z65<>"", """" & Z65 & """", "") ) & "]" -> ["ENA ERC32", "Sample", "ENA Sample", "VJDB Sample", "Clinical "] | AC65: not sure | AP65: (Optional) Dose used for the inoculoation experiment. | AV65: optional | AW65: optional | AY65: Free text | AZ65: text | BA65: freetext | BC65: metadata | BD65: no
A66: 0eh | B66: =LOWER( IF( RIGHT( SUBSTITUTE(SUBSTITUTE(SUBSTITUTE(SUBSTITUTE(SUBSTITUTE(SUBSTITUTE(SUBSTITUTE(C66,"(","_"),")","_"),"/","_"),":","_"),"-","_")," ","_"),"__","_"), 1 )="_", LEFT( SUBSTITUTE(SUBSTITUTE(SUBSTITUTE(SUBSTITUTE(SUBSTITUTE(SUBSTITUTE(SUBSTITUTE(C66,"(","_"),")","_"),"/","_"),":","_"),"-","_")," ","_"),"__","_"), LEN( SUBSTITUTE(SUBSTITUTE(SUBSTITUTE(SUBSTITUTE(SUBSTITUTE(SUBSTITUTE(SUBSTITUTE(C66,"(","_"),")","_"),"/","_"),":","_"),"-","_")," ","_"),"__","_") )-1 ), SUBSTITUTE(SUBSTITUTE(SUBSTITUTE(SUBSTITUTE(SUBSTITUTE(SUBSTITUTE(SUBSTITUTE(C66,"(","_"),")","_"),"/","_"),":","_"),"-","_")," ","_"),"__","_") ) ) -> inoculation_route | C66: Inoculation Route | D66: Brief description of the protocol inoculation route. | E66: text | F66: internal | P66: inoculation route | V66: ENA Sample | W66: VJDB Sample | X66: Sample | Y66: Clinical | AA66: ="[" & _xlfn.TEXTJOIN(", ", TRUE, IF(I66<>"", """" & I$1 & """", ""), IF(J66<>"", """" & J$1 & """", ""), IF(K66<>"", """" & K$1 & """", ""), IF(L66<>"", """" & L$1 & """", ""), IF(M66<>"", """" & M$1 & """", ""), IF(N66<>"", """" & N$1 & """", ""), IF(O66<>"", """" & O$1 & """", ""), IF(P66<>"", """" & P$1 & """", ""), IF(Q66<>"", """" & Q$1 & """", ""), IF(R66<>"", """" & R$1 & """", ""), IF(S66<>"", """" & S$1 & """", ""), IF(T66<>"", """" & T$1 & """", ""), IF(U66<>"", """" & U$1 & """", ""), IF(X66<>"", """" & X66 & """", ""), IF(V66<>"", """" & V66 & """", ""), IF(W66<>"", """" & W66 & """", ""), IF(Y66<>"", """" & Y66 & """", ""), IF(Z66<>"", """" & Z66 & """", "") ) & "]" -> ["ENA ERC32", "Sample", "ENA Sample", "VJDB Sample", "Clinical "] | AC66: not sure | AP66: (Optional) Brief description of the protocol inoculation route. | AV66: optional | AW66: optional | AY66: Free text | AZ66: text | BA66: freetext | BC66: metadata | BD66: no
A67: 0ei | B67: =LOWER( IF( RIGHT( SUBSTITUTE(SUBSTITUTE(SUBSTITUTE(SUBSTITUTE(SUBSTITUTE(SUBSTITUTE(SUBSTITUTE(C67,"(","_"),")","_"),"/","_"),":","_"),"-","_")," ","_"),"__","_"), 1 )="_", LEFT( SUBSTITUTE(SUBSTITUTE(SUBSTITUTE(SUBSTITUTE(SUBSTITUTE(SUBSTITUTE(SUBSTITUTE(C67,"(","_"),")","_"),"/","_"),":","_"),"-","_")," ","_"),"__","_"), LEN( SUBSTITUTE(SUBSTITUTE(SUBSTITUTE(SUBSTITUTE(SUBSTITUTE(SUBSTITUTE(SUBSTITUTE(C67,"(","_"),")","_"),"/","_"),":","_"),"-","_")," ","_"),"__","_") )-1 ), SUBSTITUTE(SUBSTITUTE(SUBSTITUTE(SUBSTITUTE(SUBSTITUTE(SUBSTITUTE(SUBSTITUTE(C67,"(","_"),")","_"),"/","_"),":","_"),"-","_")," ","_"),"__","_") ) ) -> inoculation_stock_availability | C67: Inoculation Stock Availability | D67: Is the virus stock used for the inoculation available? | E67: text | F67: internal | P67: inoculation stock availability | V67: ENA Sample | W67: VJDB Sample | X67: Sample | Y67: Clinical | AA67: ="[" & _xlfn.TEXTJOIN(", ", TRUE, IF(I67<>"", """" & I$1 & """", ""), IF(J67<>"", """" & J$1 & """", ""), IF(K67<>"", """" & K$1 & """", ""), IF(L67<>"", """" & L$1 & """", ""), IF(M67<>"", """" & M$1 & """", ""), IF(N67<>"", """" & N$1 & """", ""), IF(O67<>"", """" & O$1 & """", ""), IF(P67<>"", """" & P$1 & """", ""), IF(Q67<>"", """" & Q$1 & """", ""), IF(R67<>"", """" & R$1 & """", ""), IF(S67<>"", """" & S$1 & """", ""), IF(T67<>"", """" & T$1 & """", ""), IF(U67<>"", """" & U$1 & """", ""), IF(X67<>"", """" & X67 & """", ""), IF(V67<>"", """" & V67 & """", ""), IF(W67<>"", """" & W67 & """", ""), IF(Y67<>"", """" & Y67 & """", ""), IF(Z67<>"", """" & Z67 & """", "") ) & "]" -> ["ENA ERC32", "Sample", "ENA Sample", "VJDB Sample", "Clinical "] | AC67: not sure | AP67: (Optional) Is the virus stock used for the inoculation available? | AV67: optional | AW67: optional | AY67: Free text | AZ67: combo | BA67: controlled_vocabulary | BC67: metadata | BD67: no
A68: 0ej | B68: =LOWER( IF( RIGHT( SUBSTITUTE(SUBSTITUTE(SUBSTITUTE(SUBSTITUTE(SUBSTITUTE(SUBSTITUTE(SUBSTITUTE(C68,"(","_"),")","_"),"/","_"),":","_"),"-","_")," ","_"),"__","_"), 1 )="_", LEFT( SUBSTITUTE(SUBSTITUTE(SUBSTITUTE(SUBSTITUTE(SUBSTITUTE(SUBSTITUTE(SUBSTITUTE(C68,"(","_"),")","_"),"/","_"),":","_"),"-","_")," ","_"),"__","_"), LEN( SUBSTITUTE(SUBSTITUTE(SUBSTITUTE(SUBSTITUTE(SUBSTITUTE(SUBSTITUTE(SUBSTITUTE(C68,"(","_"),")","_"),"/","_"),":","_"),"-","_")," ","_"),"__","_") )-1 ), SUBSTITUTE(SUBSTITUTE(SUBSTITUTE(SUBSTITUTE(SUBSTITUTE(SUBSTITUTE(SUBSTITUTE(C68,"(","_"),")","_"),"/","_"),":","_"),"-","_")," ","_"),"__","_") ) ) -> lineage_swl_required_for_h1n1_viruses | C68: Lineage: SWL (Required for H1N1 Viruses) | D68: Does the h1n1 influenza virus originate from a swine-like outbreak (as opposed to a seasonal flu)? | E68: keyword | F68: internal | P68: lineage:swl (required for H1N1 viruses) | V68: ENA Sample | W68: VJDB Sample | X68: Analysis | Y68: Clinical | AA68: ="[" & _xlfn.TEXTJOIN(", ", TRUE, IF(I68<>"", """" & I$1 & """", ""), IF(J68<>"", """" & J$1 & """", ""), IF(K68<>"", """" & K$1 & """", ""), IF(L68<>"", """" & L$1 & """", ""), IF(M68<>"", """" & M$1 & """", ""), IF(N68<>"", """" & N$1 & """", ""), IF(O68<>"", """" & O$1 & """", ""), IF(P68<>"", """" & P$1 & """", ""), IF(Q68<>"", """" & Q$1 & """", ""), IF(R68<>"", """" & R$1 & """", ""), IF(S68<>"", """" & S$1 & """", ""), IF(T68<>"", """" & T$1 & """", ""), IF(U68<>"", """" & U$1 & """", ""), IF(X68<>"", """" & X68 & """", ""), IF(V68<>"", """" & V68 & """", ""), IF(W68<>"", """" & W68 & """", ""), IF(Y68<>"", """" & Y68 & """", ""), IF(Z68<>"", """" & Z68 & """", "") ) & "]" -> ["ENA ERC32", "Analysis", "ENA Sample", "VJDB Sample", "Clinical "] | AC68: not sure | AP68: (Optional) Does the h1n1 influenza virus originate from a swine-like outbreak (as opposed to a seasonal flu)? | AV68: optional | AW68: optional | AY68: Free text | AZ68: combo | BA68: controlled_vocabulary | BC68: metadata | BD68: no
A69: 0ek | B69: =LOWER( IF( RIGHT( SUBSTITUTE(SUBSTITUTE(SUBSTITUTE(SUBSTITUTE(SUBSTITUTE(SUBSTITUTE(SUBSTITUTE(C69,"(","_"),")","_"),"/","_"),":","_"),"-","_")," ","_"),"__","_"), 1 )="_", LEFT( SUBSTITUTE(SUBSTITUTE(SUBSTITUTE(SUBSTITUTE(SUBSTITUTE(SUBSTITUTE(SUBSTITUTE(C69,"(","_"),")","_"),"/","_"),":","_"),"-","_")," ","_"),"__","_"), LEN( SUBSTITUTE(SUBSTITUTE(SUBSTITUTE(SUBSTITUTE(SUBSTITUTE(SUBSTITUTE(SUBSTITUTE(C69,"(","_"),")","_"),"/","_"),":","_"),"-","_")," ","_"),"__","_") )-1 ), SUBSTITUTE(SUBSTITUTE(SUBSTITUTE(SUBSTITUTE(SUBSTITUTE(SUBSTITUTE(SUBSTITUTE(C69,"(","_"),")","_"),"/","_"),":","_"),"-","_")," ","_"),"__","_") ) ) -> meaning_of_cut_off_value | C69: Meaning of Cut Off Value | D69: Description helping to explain what the cut off value means. | E69: keyword | F69: internal | P69: meaning of cut off value | V69: ENA Sample | W69: VJDB Sample | X69: Sample | Y69: Clinical | AA69: ="[" & _xlfn.TEXTJOIN(", ", TRUE, IF(I69<>"", """" & I$1 & """", ""), IF(J69<>"", """" & J$1 & """", ""), IF(K69<>"", """" & K$1 & """", ""), IF(L69<>"", """" & L$1 & """", ""), IF(M69<>"", """" & M$1 & """", ""), IF(N69<>"", """" & N$1 & """", ""), IF(O69<>"", """" & O$1 & """", ""), IF(P69<>"", """" & P$1 & """", ""), IF(Q69<>"", """" & Q$1 & """", ""), IF(R69<>"", """" & R$1 & """", ""), IF(S69<>"", """" & S$1 & """", ""), IF(T69<>"", """" & T$1 & """", ""), IF(U69<>"", """" & U$1 & """", ""), IF(X69<>"", """" & X69 & """", ""), IF(V69<>"", """" & V69 & """", ""), IF(W69<>"", """" & W69 & """", ""), IF(Y69<>"", """" & Y69 & """", ""), IF(Z69<>"", """" & Z69 & """", "") ) & "]" -> ["ENA ERC32", "Sample", "ENA Sample", "VJDB Sample", "Clinical "] | AC69: no example needed | AP69: (Optional) Description helping to explain what the cut off value means. | AV69: optional | AW69: optional | AY69: Free text | AZ69: text | BA69: freetext | BC69: metadata | BD69: no
A70: 0el | B70: =LOWER( IF( RIGHT( SUBSTITUTE(SUBSTITUTE(SUBSTITUTE(SUBSTITUTE(SUBSTITUTE(SUBSTITUTE(SUBSTITUTE(C70,"(","_"),")","_"),"/","_"),":","_"),"-","_")," ","_"),"__","_"), 1 )="_", LEFT( SUBSTITUTE(SUBSTITUTE(SUBSTITUTE(SUBSTITUTE(SUBSTITUTE(SUBSTITUTE(SUBSTITUTE(C70,"(","_"),")","_"),"/","_"),":","_"),"-","_")," ","_"),"__","_"), LEN( SUBSTITUTE(SUBSTITUTE(SUBSTITUTE(SUBSTITUTE(SUBSTITUTE(SUBSTITUTE(SUBSTITUTE(C70,"(","_"),")","_"),"/","_"),":","_"),"-","_")," ","_"),"__","_") )-1 ), SUBSTITUTE(SUBSTITUTE(SUBSTITUTE(SUBSTITUTE(SUBSTITUTE(SUBSTITUTE(SUBSTITUTE(C70,"(","_"),")","_"),"/","_"),":","_"),"-","_")," ","_"),"__","_") ) ) -> number_of_inoculated_individuals | C70: Number of Inoculated Individuals | D70: Number of host individuals inoculated for the experiment. | E70: integer | F70: internal | P70: number of inoculated individuals | V70: ENA Sample | W70: VJDB Sample | X70: Sample | Y70: Clinical | AA70: ="[" & _xlfn.TEXTJOIN(", ", TRUE, IF(I70<>"", """" & I$1 & """", ""), IF(J70<>"", """" & J$1 & """", ""), IF(K70<>"", """" & K$1 & """", ""), IF(L70<>"", """" & L$1 & """", ""), IF(M70<>"", """" & M$1 & """", ""), IF(N70<>"", """" & N$1 & """", ""), IF(O70<>"", """" & O$1 & """", ""), IF(P70<>"", """" & P$1 & """", ""), IF(Q70<>"", """" & Q$1 & """", ""), IF(R70<>"", """" & R$1 & """", ""), IF(S70<>"", """" & S$1 & """", ""), IF(T70<>"", """" & T$1 & """", ""), IF(U70<>"", """" & U$1 & """", ""), IF(X70<>"", """" & X70 & """", ""), IF(V70<>"", """" & V70 & """", ""), IF(W70<>"", """" & W70 & """", ""), IF(Y70<>"", """" & Y70 & """", ""), IF(Z70<>"", """" & Z70 & """", "") ) & "]" -> ["ENA ERC32", "Sample", "ENA Sample", "VJDB Sample", "Clinical "] | AP70: (Optional) Number of host individuals inoculated for the experiment. | AV70: optional | AW70: optional | AX70: 5 | AY70: Whole number value | AZ70: text | BA70: unique | BC70: metadata | BD70: no
A71: 0em | B71: =LOWER( IF( RIGHT( SUBSTITUTE(SUBSTITUTE(SUBSTITUTE(SUBSTITUTE(SUBSTITUTE(SUBSTITUTE(SUBSTITUTE(C71,"(","_"),")","_"),"/","_"),":","_"),"-","_")," ","_"),"__","_"), 1 )="_", LEFT( SUBSTITUTE(SUBSTITUTE(SUBSTITUTE(SUBSTITUTE(SUBSTITUTE(SUBSTITUTE(SUBSTITUTE(C71,"(","_"),")","_"),"/","_"),":","_"),"-","_")," ","_"),"__","_"), LEN( SUBSTITUTE(SUBSTITUTE(SUBSTITUTE(SUBSTITUTE(SUBSTITUTE(SUBSTITUTE(SUBSTITUTE(C71,"(","_"),")","_"),"/","_"),":","_"),"-","_")," ","_"),"__","_") )-1 ), SUBSTITUTE(SUBSTITUTE(SUBSTITUTE(SUBSTITUTE(SUBSTITUTE(SUBSTITUTE(SUBSTITUTE(C71,"(","_"),")","_"),"/","_"),":","_"),"-","_")," ","_"),"__","_") ) ) -> personal_protective_equipment | C71: Personal Protective Equipment | D71: Use of personal protective equipment, such as gloves, gowns, during any type of exposure. example: mask | E71: keyword | F71: internal | P71: personal protective equipment | Q71: personal protective equipment | V71: ENA Sample | W71: VJDB Sample | X71: Sample | Y71: Clinical | AA71: ="[" & _xlfn.TEXTJOIN(", ", TRUE, IF(I71<>"", """" & I$1 & """", ""), IF(J71<>"", """" & J$1 & """", ""), IF(K71<>"", """" & K$1 & """", ""), IF(L71<>"", """" & L$1 & """", ""), IF(M71<>"", """" & M$1 & """", ""), IF(N71<>"", """" & N$1 & """", ""), IF(O71<>"", """" & O$1 & """", ""), IF(P71<>"", """" & P$1 & """", ""), IF(Q71<>"", """" & Q$1 & """", ""), IF(R71<>"", """" & R$1 & """", ""), IF(S71<>"", """" & S$1 & """", ""), IF(T71<>"", """" & T$1 & """", ""), IF(U71<>"", """" & U$1 & """", ""), IF(X71<>"", """" & X71 & """", ""), IF(V71<>"", """" & V71 & """", ""), IF(W71<>"", """" & W71 & """", ""), IF(Y71<>"", """" & Y71 & """", ""), IF(Z71<>"", """" & Z71 & """", "") ) & "]" -> ["ENA ERC32", "ENA ERC33", "Sample", "ENA Sample", "VJDB Sample", "Clinical "] | AP71: (Optional) Use of personal protective equipment, such as gloves, gowns, during any type of exposure. example: mask | AS71: (Optional) Use of personal protective equipment, such as gloves, gowns, during any type of exposure. example: mask | AU71: TEXT_FIELD | AV71: optional | AW71: optional | AX71: mask | AY71: Free text, multiple values seperated by semicolon | AZ71: text | BA71: unique | BC71: metadata | BD71: no
A72: 0en | B72: =LOWER( IF( RIGHT( SUBSTITUTE(SUBSTITUTE(SUBSTITUTE(SUBSTITUTE(SUBSTITUTE(SUBSTITUTE(SUBSTITUTE(C72,"(","_"),")","_"),"/","_"),":","_"),"-","_")," ","_"),"__","_"), 1 )="_", LEFT( SUBSTITUTE(SUBSTITUTE(SUBSTITUTE(SUBSTITUTE(SUBSTITUTE(SUBSTITUTE(SUBSTITUTE(C72,"(","_"),")","_"),"/","_"),":","_"),"-","_")," ","_"),"__","_"), LEN( SUBSTITUTE(SUBSTITUTE(SUBSTITUTE(SUBSTITUTE(SUBSTITUTE(SUBSTITUTE(SUBSTITUTE(C72,"(","_"),")","_"),"/","_"),":","_"),"-","_")," ","_"),"__","_") )-1 ), SUBSTITUTE(SUBSTITUTE(SUBSTITUTE(SUBSTITUTE(SUBSTITUTE(SUBSTITUTE(SUBSTITUTE(C72,"(","_"),")","_"),"/","_"),":","_"),"-","_")," ","_"),"__","_") ) ) -> sample_capture_status | C72: Sample Capture Status | D72: Reason for the sample collection. | E72: keyword | F72: internal | P72: sample capture status | Q72: sample capture status | V72: ENA Sample | W72: VJDB Sample | X72: Sample | Y72: Clinical | AA72: ="[" & _xlfn.TEXTJOIN(", ", TRUE, IF(I72<>"", """" & I$1 & """", ""), IF(J72<>"", """" & J$1 & """", ""), IF(K72<>"", """" & K$1 & """", ""), IF(L72<>"", """" & L$1 & """", ""), IF(M72<>"", """" & M$1 & """", ""), IF(N72<>"", """" & N$1 & """", ""), IF(O72<>"", """" & O$1 & """", ""), IF(P72<>"", """" & P$1 & """", ""), IF(Q72<>"", """" & Q$1 & """", ""), IF(R72<>"", """" & R$1 & """", ""), IF(S72<>"", """" & S$1 & """", ""), IF(T72<>"", """" & T$1 & """", ""), IF(U72<>"", """" & U$1 & """", ""), IF(X72<>"", """" & X72 & """", ""), IF(V72<>"", """" & V72 & """", ""), IF(W72<>"", """" & W72 & """", ""), IF(Y72<>"", """" & Y72 & """", ""), IF(Z72<>"", """" & Z72 & """", "") ) & "]" -> ["ENA ERC32", "ENA ERC33", "Sample", "ENA Sample", "VJDB Sample", "Clinical "] | AP72: (Recommended) Reason for the sample collection. | AS72: (Recommended) Reason for the sample collection. | AU72: TEXT_CHOICE_FIELD | AV72: recommended | AW72: recommended | AX72: active surveillance in response to outbreak; market sample | AY72: Defined list of values, provided by the ENA | AZ72: combo | BA72: controlled_vocabulary | BC72: metadata | BD72: no
A73: 0eo | B73: =LOWER( IF( RIGHT( SUBSTITUTE(SUBSTITUTE(SUBSTITUTE(SUBSTITUTE(SUBSTITUTE(SUBSTITUTE(SUBSTITUTE(C73,"(","_"),")","_"),"/","_"),":","_"),"-","_")," ","_"),"__","_"), 1 )="_", LEFT( SUBSTITUTE(SUBSTITUTE(SUBSTITUTE(SUBSTITUTE(SUBSTITUTE(SUBSTITUTE(SUBSTITUTE(C73,"(","_"),")","_"),"/","_"),":","_"),"-","_")," ","_"),"__","_"), LEN( SUBSTITUTE(SUBSTITUTE(SUBSTITUTE(SUBSTITUTE(SUBSTITUTE(SUBSTITUTE(SUBSTITUTE(C73,"(","_"),")","_"),"/","_"),":","_"),"-","_")," ","_"),"__","_") )-1 ), SUBSTITUTE(SUBSTITUTE(SUBSTITUTE(SUBSTITUTE(SUBSTITUTE(SUBSTITUTE(SUBSTITUTE(C73,"(","_"),")","_"),"/","_"),":","_"),"-","_")," ","_"),"__","_") ) ) -> sample_storage_conditions | C73: Sample Storage Conditions | D73: Conditions at which sample was stored, usually storage temperature, duration and location. in soil context: explain how and for how long the soil sample was stored before dna extraction (fresh/frozen/other). | E73: keyword | F73: internal | P73: sample storage conditions | Q73: sample storage conditions | V73: ENA Sample | W73: VJDB Sample | X73: Sample | Y73: Clinical | AA73: ="[" & _xlfn.TEXTJOIN(", ", TRUE, IF(I73<>"", """" & I$1 & """", ""), IF(J73<>"", """" & J$1 & """", ""), IF(K73<>"", """" & K$1 & """", ""), IF(L73<>"", """" & L$1 & """", ""), IF(M73<>"", """" & M$1 & """", ""), IF(N73<>"", """" & N$1 & """", ""), IF(O73<>"", """" & O$1 & """", ""), IF(P73<>"", """" & P$1 & """", ""), IF(Q73<>"", """" & Q$1 & """", ""), IF(R73<>"", """" & R$1 & """", ""), IF(S73<>"", """" & S$1 & """", ""), IF(T73<>"", """" & T$1 & """", ""), IF(U73<>"", """" & U$1 & """", ""), IF(X73<>"", """" & X73 & """", ""), IF(V73<>"", """" & V73 & """", ""), IF(W73<>"", """" & W73 & """", ""), IF(Y73<>"", """" & Y73 & """", ""), IF(Z73<>"", """" & Z73 & """", "") ) & "]" -> ["ENA ERC32", "ENA ERC33", "Sample", "ENA Sample", "VJDB Sample", "Clinical "] | AC73: not sure | AP73: (Optional) Conditions at which sample was stored, usually storage temperature, duration and location. in soil context: explain how and for how long the soil sample was stored before dna extraction (fresh/frozen/other). | AS73: (Optional) Conditions at which sample was stored, usually storage temperature, duration and location | AU73: TEXT_FIELD | AV73: optional | AW73: optional | AY73: Free text | AZ73: text | BA73: freetext | BC73: metadata | BD73: no
A74: 0ep | B74: =LOWER( IF( RIGHT( SUBSTITUTE(SUBSTITUTE(SUBSTITUTE(SUBSTITUTE(SUBSTITUTE(SUBSTITUTE(SUBSTITUTE(C74,"(","_"),")","_"),"/","_"),":","_"),"-","_")," ","_"),"__","_"), 1 )="_", LEFT( SUBSTITUTE(SUBSTITUTE(SUBSTITUTE(SUBSTITUTE(SUBSTITUTE(SUBSTITUTE(SUBSTITUTE(C74,"(","_"),")","_"),"/","_"),":","_"),"-","_")," ","_"),"__","_"), LEN( SUBSTITUTE(SUBSTITUTE(SUBSTITUTE(SUBSTITUTE(SUBSTITUTE(SUBSTITUTE(SUBSTITUTE(C74,"(","_"),")","_"),"/","_"),":","_"),"-","_")," ","_"),"__","_") )-1 ), SUBSTITUTE(SUBSTITUTE(SUBSTITUTE(SUBSTITUTE(SUBSTITUTE(SUBSTITUTE(SUBSTITUTE(C74,"(","_"),")","_"),"/","_"),":","_"),"-","_")," ","_"),"__","_") ) ) -> sample_description | C74: Sample Description | D74: Free-form text describing the sample, its origin, and its method of isolation. | E74: text | F74: internal | P74: sample_description | Q74: sample_description | V74: ENA Sample | W74: VJDB Sample | X74: Sample | Y74: Clinical | AA74: ="[" & _xlfn.TEXTJOIN(", ", TRUE, IF(I74<>"", """" & I$1 & """", ""), IF(J74<>"", """" & J$1 & """", ""), IF(K74<>"", """" & K$1 & """", ""), IF(L74<>"", """" & L$1 & """", ""), IF(M74<>"", """" & M$1 & """", ""), IF(N74<>"", """" & N$1 & """", ""), IF(O74<>"", """" & O$1 & """", ""), IF(P74<>"", """" & P$1 & """", ""), IF(Q74<>"", """" & Q$1 & """", ""), IF(R74<>"", """" & R$1 & """", ""), IF(S74<>"", """" & S$1 & """", ""), IF(T74<>"", """" & T$1 & """", ""), IF(U74<>"", """" & U$1 & """", ""), IF(X74<>"", """" & X74 & """", ""), IF(V74<>"", """" & V74 & """", ""), IF(W74<>"", """" & W74 & """", ""), IF(Y74<>"", """" & Y74 & """", ""), IF(Z74<>"", """" & Z74 & """", "") ) & "]" -> ["ENA ERC32", "ENA ERC33", "Sample", "ENA Sample", "VJDB Sample", "Clinical "] | AC74: no example needed | AP74: (Optional) Free-form text describing the sample, its origin, and its method of isolation. | AS74: (Optional) Free-form text describing the sample, its origin, and its method of isolation. | AU74: TEXT_AREA_FIELD | AV74: optional | AW74: optional | AY74: Free text | AZ74: textarea | BA74: freetext | BC74: metadata | BD74: no
A75: 0eq | B75: =LOWER( IF( RIGHT( SUBSTITUTE(SUBSTITUTE(SUBSTITUTE(SUBSTITUTE(SUBSTITUTE(SUBSTITUTE(SUBSTITUTE(C75,"(","_"),")","_"),"/","_"),":","_"),"-","_")," ","_"),"__","_"), 1 )="_", LEFT( SUBSTITUTE(SUBSTITUTE(SUBSTITUTE(SUBSTITUTE(SUBSTITUTE(SUBSTITUTE(SUBSTITUTE(C75,"(","_"),")","_"),"/","_"),":","_"),"-","_")," ","_"),"__","_"), LEN( SUBSTITUTE(SUBSTITUTE(SUBSTITUTE(SUBSTITUTE(SUBSTITUTE(SUBSTITUTE(SUBSTITUTE(C75,"(","_"),")","_"),"/","_"),":","_"),"-","_")," ","_"),"__","_") )-1 ), SUBSTITUTE(SUBSTITUTE(SUBSTITUTE(SUBSTITUTE(SUBSTITUTE(SUBSTITUTE(SUBSTITUTE(C75,"(","_"),")","_"),"/","_"),":","_"),"-","_")," ","_"),"__","_") ) ) -> source_of_vaccination_information | C75: Source of Vaccination Information | D75: Designation of information related to vaccination history as self reported or documented. | E75: keyword | F75: internal | P75: source of vaccination information | V75: ENA Sample | W75: VJDB Sample | X75: Sample | Y75: Clinical | AA75: ="[" & _xlfn.TEXTJOIN(", ", TRUE, IF(I75<>"", """" & I$1 & """", ""), IF(J75<>"", """" & J$1 & """", ""), IF(K75<>"", """" & K$1 & """", ""), IF(L75<>"", """" & L$1 & """", ""), IF(M75<>"", """" & M$1 & """", ""), IF(N75<>"", """" & N$1 & """", ""), IF(O75<>"", """" & O$1 & """", ""), IF(P75<>"", """" & P$1 & """", ""), IF(Q75<>"", """" & Q$1 & """", ""), IF(R75<>"", """" & R$1 & """", ""), IF(S75<>"", """" & S$1 & """", ""), IF(T75<>"", """" & T$1 & """", ""), IF(U75<>"", """" & U$1 & """", ""), IF(X75<>"", """" & X75 & """", ""), IF(V75<>"", """" & V75 & """", ""), IF(W75<>"", """" & W75 & """", ""), IF(Y75<>"", """" & Y75 & """", ""), IF(Z75<>"", """" & Z75 & """", "") ) & "]" -> ["ENA ERC32", "Sample", "ENA Sample", "VJDB Sample", "Clinical "] | AP75: (Optional) Designation of information related to vaccination history as self reported or documented. | AV75: optional | AW75: optional | AX75: decoumented; self reported | AY75: Defined list of values, provided by the ENA | AZ75: combo | BA75: controlled_vocabulary | BC75: metadata | BD75: no
A76: 0es | B76: =LOWER( IF( RIGHT( SUBSTITUTE(SUBSTITUTE(SUBSTITUTE(SUBSTITUTE(SUBSTITUTE(SUBSTITUTE(SUBSTITUTE(C76,"(","_"),")","_"),"/","_"),":","_"),"-","_")," ","_"),"__","_"), 1 )="_", LEFT( SUBSTITUTE(SUBSTITUTE(SUBSTITUTE(SUBSTITUTE(SUBSTITUTE(SUBSTITUTE(SUBSTITUTE(C76,"(","_"),")","_"),"/","_"),":","_"),"-","_")," ","_"),"__","_"), LEN( SUBSTITUTE(SUBSTITUTE(SUBSTITUTE(SUBSTITUTE(SUBSTITUTE(SUBSTITUTE(SUBSTITUTE(C76,"(","_"),")","_"),"/","_"),":","_"),"-","_")," ","_"),"__","_") )-1 ), SUBSTITUTE(SUBSTITUTE(SUBSTITUTE(SUBSTITUTE(SUBSTITUTE(SUBSTITUTE(SUBSTITUTE(C76,"(","_"),")","_"),"/","_"),":","_"),"-","_")," ","_"),"__","_") ) ) -> study_description | C76: Study Description | D76: Briefly describes the goals, purpose, and scope of the study. this need not be listed if it can be inherited from a referenced publication. | E76: text | F76: internal | P76: study_abstract | Q76: study_abstract | V76: ENA Study | W76: VJDB Study | X76: Organizational | Y76: Study | AA76: ="[" & _xlfn.TEXTJOIN(", ", TRUE, IF(I76<>"", """" & I$1 & """", ""), IF(J76<>"", """" & J$1 & """", ""), IF(K76<>"", """" & K$1 & """", ""), IF(L76<>"", """" & L$1 & """", ""), IF(M76<>"", """" & M$1 & """", ""), IF(N76<>"", """" & N$1 & """", ""), IF(O76<>"", """" & O$1 & """", ""), IF(P76<>"", """" & P$1 & """", ""), IF(Q76<>"", """" & Q$1 & """", ""), IF(R76<>"", """" & R$1 & """", ""), IF(S76<>"", """" & S$1 & """", ""), IF(T76<>"", """" & T$1 & """", ""), IF(U76<>"", """" & U$1 & """", ""), IF(X76<>"", """" & X76 & """", ""), IF(V76<>"", """" & V76 & """", ""), IF(W76<>"", """" & W76 & """", ""), IF(Y76<>"", """" & Y76 & """", ""), IF(Z76<>"", """" & Z76 & """", "") ) & "]" -> ["ENA ERC32", "ENA ERC33", "Organizational", "ENA Study", "VJDB Study", "Study"] | AC76: no example needed | AP76: (Optional) Briefly describes the goals, purpose, and scope of the study. this need not be listed if it can be inherited from a referenced publication. | AS76: (Optional) Briefly describes the goals, purpose, and scope of the study. this need not be listed if it can be inherited from a referenced publication. | AU76: TEXT_AREA_FIELD | AV76: optional | AW76: mandatory | AY76: Free text | AZ76: textarea | BA76: freetext | BC76: metadata | BD76: no
A77: 0et | B77: =LOWER( IF( RIGHT( SUBSTITUTE(SUBSTITUTE(SUBSTITUTE(SUBSTITUTE(SUBSTITUTE(SUBSTITUTE(SUBSTITUTE(C77,"(","_"),")","_"),"/","_"),":","_"),"-","_")," ","_"),"__","_"), 1 )="_", LEFT( SUBSTITUTE(SUBSTITUTE(SUBSTITUTE(SUBSTITUTE(SUBSTITUTE(SUBSTITUTE(SUBSTITUTE(C77,"(","_"),")","_"),"/","_"),":","_"),"-","_")," ","_"),"__","_"), LEN( SUBSTITUTE(SUBSTITUTE(SUBSTITUTE(SUBSTITUTE(SUBSTITUTE(SUBSTITUTE(SUBSTITUTE(C77,"(","_"),")","_"),"/","_"),":","_"),"-","_")," ","_"),"__","_") )-1 ), SUBSTITUTE(SUBSTITUTE(SUBSTITUTE(SUBSTITUTE(SUBSTITUTE(SUBSTITUTE(SUBSTITUTE(C77,"(","_"),")","_"),"/","_"),":","_"),"-","_")," ","_"),"__","_") ) ) -> subject_exposure | C77: Subject Exposure | D77: Exposure of the subject to infected human or animals, such as poultry, wild bird or swine. If multiple exposures are applicable, these are separated by semicolon. Example: poultry;wild bird | E77: text | F77: internal | P77: subject exposure | Q77: subject exposure | V77: ENA Sample | W77: VJDB Sample | X77: Sample | Y77: Clinical | AA77: ="[" & _xlfn.TEXTJOIN(", ", TRUE, IF(I77<>"", """" & I$1 & """", ""), IF(J77<>"", """" & J$1 & """", ""), IF(K77<>"", """" & K$1 & """", ""), IF(L77<>"", """" & L$1 & """", ""), IF(M77<>"", """" & M$1 & """", ""), IF(N77<>"", """" & N$1 & """", ""), IF(O77<>"", """" & O$1 & """", ""), IF(P77<>"", """" & P$1 & """", ""), IF(Q77<>"", """" & Q$1 & """", ""), IF(R77<>"", """" & R$1 & """", ""), IF(S77<>"", """" & S$1 & """", ""), IF(T77<>"", """" & T$1 & """", ""), IF(U77<>"", """" & U$1 & """", ""), IF(X77<>"", """" & X77 & """", ""), IF(V77<>"", """" & V77 & """", ""), IF(W77<>"", """" & W77 & """", ""), IF(Y77<>"", """" & Y77 & """", ""), IF(Z77<>"", """" & Z77 & """", "") ) & "]" -> ["ENA ERC32", "ENA ERC33", "Sample", "ENA Sample", "VJDB Sample", "Clinical "] | AP77: (Optional) Exposure of the subject to infected human or animals, such as poultry, wild bird or swine. if multiple exposures are applicable, please state them separated by semicolon. example: poultry; wild bird | AS77: (Optional) Exposure of the subject to infected human or animals, such as poultry, wild bird or swine. if multiple exposures are applicable, please state them separated by semicolon. example: poultry; wild bird | AU77: TEXT_FIELD | AV77: optional | AW77: optional | AX77: poultry; wild bird | AY77: Free text, multiple values seperated by semicolon | AZ77: text | BA77: unique | BC77: metadata | BD77: no
A78: 0eu | B78: =LOWER( IF( RIGHT( SUBSTITUTE(SUBSTITUTE(SUBSTITUTE(SUBSTITUTE(SUBSTITUTE(SUBSTITUTE(SUBSTITUTE(C78,"(","_"),")","_"),"/","_"),":","_"),"-","_")," ","_"),"__","_"), 1 )="_", LEFT( SUBSTITUTE(SUBSTITUTE(SUBSTITUTE(SUBSTITUTE(SUBSTITUTE(SUBSTITUTE(SUBSTITUTE(C78,"(","_"),")","_"),"/","_"),":","_"),"-","_")," ","_"),"__","_"), LEN( SUBSTITUTE(SUBSTITUTE(SUBSTITUTE(SUBSTITUTE(SUBSTITUTE(SUBSTITUTE(SUBSTITUTE(C78,"(","_"),")","_"),"/","_"),":","_"),"-","_")," ","_"),"__","_") )-1 ), SUBSTITUTE(SUBSTITUTE(SUBSTITUTE(SUBSTITUTE(SUBSTITUTE(SUBSTITUTE(SUBSTITUTE(C78,"(","_"),")","_"),"/","_"),":","_"),"-","_")," ","_"),"__","_") ) ) -> subject_exposure_duration | C78: Subject Exposure Duration | D78: Duration of the exposure of the subject to an infected human or animal. If multiple exposures are applicable, their duration is stated in the same order in which the exposure in the field was reported: 'subject exposure'. Example: 1 day; 0.33 days (Units: year) | E78: float | F78: internal | P78: subject exposure duration | Q78: subject exposure duration | V78: ENA Sample | W78: VJDB Sample | X78: Sample | Y78: Clinical | AA78: ="[" & _xlfn.TEXTJOIN(", ", TRUE, IF(I78<>"", """" & I$1 & """", ""), IF(J78<>"", """" & J$1 & """", ""), IF(K78<>"", """" & K$1 & """", ""), IF(L78<>"", """" & L$1 & """", ""), IF(M78<>"", """" & M$1 & """", ""), IF(N78<>"", """" & N$1 & """", ""), IF(O78<>"", """" & O$1 & """", ""), IF(P78<>"", """" & P$1 & """", ""), IF(Q78<>"", """" & Q$1 & """", ""), IF(R78<>"", """" & R$1 & """", ""), IF(S78<>"", """" & S$1 & """", ""), IF(T78<>"", """" & T$1 & """", ""), IF(U78<>"", """" & U$1 & """", ""), IF(X78<>"", """" & X78 & """", ""), IF(V78<>"", """" & V78 & """", ""), IF(W78<>"", """" & W78 & """", ""), IF(Y78<>"", """" & Y78 & """", ""), IF(Z78<>"", """" & Z78 & """", "") ) & "]" -> ["ENA ERC32", "ENA ERC33", "Sample", "ENA Sample", "VJDB Sample", "Clinical "] | AP78: (Optional) Duration of the exposure of the subject to an infected human or animal. if multiple exposures are applicable, please state their duration in the same order in which you reported the exposure in the field 'subject exposure'. example: 1 day; 0.33 days (Units: year) | AS78: (Optional) Duration of the exposure of the subject to an infected human or animal. if multiple exposures are applicable, please state their duration in the same order in which you reported the exposure in the field 'subject exposure'. example: 1 day; 0.33 days | AU78: TEXT_FIELD | AV78: optional | AW78: optional | AX78: 1 day; 0.33 days | AY78: Decimal number value followed by an empty space and the unit(!). If there are multiple values in Subject Exposure field add equally may fields here in the same order as Subject Exposure(!) | AZ78: text | BA78: unique | BC78: metadata | BD78: no
A79: 0ev | B79: =LOWER( IF( RIGHT( SUBSTITUTE(SUBSTITUTE(SUBSTITUTE(SUBSTITUTE(SUBSTITUTE(SUBSTITUTE(SUBSTITUTE(C79,"(","_"),")","_"),"/","_"),":","_"),"-","_")," ","_"),"__","_"), 1 )="_", LEFT( SUBSTITUTE(SUBSTITUTE(SUBSTITUTE(SUBSTITUTE(SUBSTITUTE(SUBSTITUTE(SUBSTITUTE(C79,"(","_"),")","_"),"/","_"),":","_"),"-","_")," ","_"),"__","_"), LEN( SUBSTITUTE(SUBSTITUTE(SUBSTITUTE(SUBSTITUTE(SUBSTITUTE(SUBSTITUTE(SUBSTITUTE(C79,"(","_"),")","_"),"/","_"),":","_"),"-","_")," ","_"),"__","_") )-1 ), SUBSTITUTE(SUBSTITUTE(SUBSTITUTE(SUBSTITUTE(SUBSTITUTE(SUBSTITUTE(SUBSTITUTE(C79,"(","_"),")","_"),"/","_"),":","_"),"-","_")," ","_"),"__","_") ) ) -> study_title | C79: Study Title | D79: Clear and useful title of the study/project, e.g. a title usable for a publication or the purpose of the project and its timeframe. | E79: text | F79: internal | P79: title | Q79: title | V79: ENA Study | W79: VJDB Study | X79: Organizational | Y79: Study | AA79: ="[" & _xlfn.TEXTJOIN(", ", TRUE, IF(I79<>"", """" & I$1 & """", ""), IF(J79<>"", """" & J$1 & """", ""), IF(K79<>"", """" & K$1 & """", ""), IF(L79<>"", """" & L$1 & """", ""), IF(M79<>"", """" & M$1 & """", ""), IF(N79<>"", """" & N$1 & """", ""), IF(O79<>"", """" & O$1 & """", ""), IF(P79<>"", """" & P$1 & """", ""), IF(Q79<>"", """" & Q$1 & """", ""), IF(R79<>"", """" & R$1 & """", ""), IF(S79<>"", """" & S$1 & """", ""), IF(T79<>"", """" & T$1 & """", ""), IF(U79<>"", """" & U$1 & """", ""), IF(X79<>"", """" & X79 & """", ""), IF(V79<>"", """" & V79 & """", ""), IF(W79<>"", """" & W79 & """", ""), IF(Y79<>"", """" & Y79 & """", ""), IF(Z79<>"", """" & Z79 & """", "") ) & "]" -> ["ENA ERC32", "ENA ERC33", "Organizational", "ENA Study", "VJDB Study", "Study"] | AC79: no example needed | AP79: (Mandatory) Title of the study as would be used in a publication. | AS79: (Mandatory) Title of the study as would be used in a publication. | AU79: TEXT_FIELD | AV79: mandatory | AW79: mandatory | AY79: Free text | AZ79: text | BA79: freetext | BC79: metadata | BD79: no
A80: 0ew | B80: =LOWER( IF( RIGHT( SUBSTITUTE(SUBSTITUTE(SUBSTITUTE(SUBSTITUTE(SUBSTITUTE(SUBSTITUTE(SUBSTITUTE(C80,"(","_"),")","_"),"/","_"),":","_"),"-","_")," ","_"),"__","_"), 1 )="_", LEFT( SUBSTITUTE(SUBSTITUTE(SUBSTITUTE(SUBSTITUTE(SUBSTITUTE(SUBSTITUTE(SUBSTITUTE(C80,"(","_"),")","_"),"/","_"),":","_"),"-","_")," ","_"),"__","_"), LEN( SUBSTITUTE(SUBSTITUTE(SUBSTITUTE(SUBSTITUTE(SUBSTITUTE(SUBSTITUTE(SUBSTITUTE(C80,"(","_"),")","_"),"/","_"),":","_"),"-","_")," ","_"),"__","_") )-1 ), SUBSTITUTE(SUBSTITUTE(SUBSTITUTE(SUBSTITUTE(SUBSTITUTE(SUBSTITUTE(SUBSTITUTE(C80,"(","_"),")","_"),"/","_"),":","_"),"-","_")," ","_"),"__","_") ) ) -> experiment_title | C80: Experiment Title | D80: Clear and useful title to identify the sequencing experiment. This title will not be submitted to the ENA on submission. | E80: text | F80: internal | P80: title | Q80: title | V80: ENA Experiment | W80: VJDB Experiment | X80: Organizational | Y80: Study | AA80: ="[" & _xlfn.TEXTJOIN(", ", TRUE, IF(I80<>"", """" & I$1 & """", ""), IF(J80<>"", """" & J$1 & """", ""), IF(K80<>"", """" & K$1 & """", ""), IF(L80<>"", """" & L$1 & """", ""), IF(M80<>"", """" & M$1 & """", ""), IF(N80<>"", """" & N$1 & """", ""), IF(O80<>"", """" & O$1 & """", ""), IF(P80<>"", """" & P$1 & """", ""), IF(Q80<>"", """" & Q$1 & """", ""), IF(R80<>"", """" & R$1 & """", ""), IF(S80<>"", """" & S$1 & """", ""), IF(T80<>"", """" & T$1 & """", ""), IF(U80<>"", """" & U$1 & """", ""), IF(X80<>"", """" & X80 & """", ""), IF(V80<>"", """" & V80 & """", ""), IF(W80<>"", """" & W80 & """", ""), IF(Y80<>"", """" & Y80 & """", ""), IF(Z80<>"", """" & Z80 & """", "") ) & "]" -> ["ENA ERC32", "ENA ERC33", "Organizational", "ENA Experiment", "VJDB Experiment", "Study"] | AC80: no example needed | AP80: (Mandatory) Short text that can be used to call out experiment records in searches or in displays. this element is technically optional but should be used for all new records. | AS80: (Optional) Short text that can be used to call out experiment records in searches or in displays. this element is technically optional but should be used for all new records. | AU80: TEXT_FIELD | AV80: mandatory | AW80: mandatory | AY80: Free text | AZ80: text | BA80: freetext | BC80: metadata | BD80: no
A81: 0ex | B81: =LOWER( IF( RIGHT( SUBSTITUTE(SUBSTITUTE(SUBSTITUTE(SUBSTITUTE(SUBSTITUTE(SUBSTITUTE(SUBSTITUTE(C81,"(","_"),")","_"),"/","_"),":","_"),"-","_")," ","_"),"__","_"), 1 )="_", LEFT( SUBSTITUTE(SUBSTITUTE(SUBSTITUTE(SUBSTITUTE(SUBSTITUTE(SUBSTITUTE(SUBSTITUTE(C81,"(","_"),")","_"),"/","_"),":","_"),"-","_")," ","_"),"__","_"), LEN( SUBSTITUTE(SUBSTITUTE(SUBSTITUTE(SUBSTITUTE(SUBSTITUTE(SUBSTITUTE(SUBSTITUTE(C81,"(","_"),")","_"),"/","_"),":","_"),"-","_")," ","_"),"__","_") )-1 ), SUBSTITUTE(SUBSTITUTE(SUBSTITUTE(SUBSTITUTE(SUBSTITUTE(SUBSTITUTE(SUBSTITUTE(C81,"(","_"),")","_"),"/","_"),":","_"),"-","_")," ","_"),"__","_") ) ) -> sample_title | C81: Sample Title | D81: Clear and useful title to identify the sample the sequence originates from was collected/sampled. This title will not be submitted to the ENA on submission. | E81: text | F81: internal | P81: title | Q81: title | V81: ENA Sample | W81: VJDB Sample | X81: Organizational | Y81: Study | AA81: ="[" & _xlfn.TEXTJOIN(", ", TRUE, IF(I81<>"", """" & I$1 & """", ""), IF(J81<>"", """" & J$1 & """", ""), IF(K81<>"", """" & K$1 & """", ""), IF(L81<>"", """" & L$1 & """", ""), IF(M81<>"", """" & M$1 & """", ""), IF(N81<>"", """" & N$1 & """", ""), IF(O81<>"", """" & O$1 & """", ""), IF(P81<>"", """" & P$1 & """", ""), IF(Q81<>"", """" & Q$1 & """", ""), IF(R81<>"", """" & R$1 & """", ""), IF(S81<>"", """" & S$1 & """", ""), IF(T81<>"", """" & T$1 & """", ""), IF(U81<>"", """" & U$1 & """", ""), IF(X81<>"", """" & X81 & """", ""), IF(V81<>"", """" & V81 & """", ""), IF(W81<>"", """" & W81 & """", ""), IF(Y81<>"", """" & Y81 & """", ""), IF(Z81<>"", """" & Z81 & """", "") ) & "]" -> ["ENA ERC32", "ENA ERC33", "Organizational", "ENA Sample", "VJDB Sample", "Study"] | AC81: no example needed | AP81: (Mandatory) Short text that can be used to call out sample records in search results or in displays. | AS81: (Mandatory) Short text that can be used to call out sample records in search results or in displays. | AU81: TEXT_FIELD | AV81: mandatory | AW81: mandatory | AY81: Free text | AZ81: text | BA81: freetext | BC81: metadata | BD81: no
A82: 0ey | B82: =LOWER( IF( RIGHT( SUBSTITUTE(SUBSTITUTE(SUBSTITUTE(SUBSTITUTE(SUBSTITUTE(SUBSTITUTE(SUBSTITUTE(C82,"(","_"),")","_"),"/","_"),":","_"),"-","_")," ","_"),"__","_"), 1 )="_", LEFT( SUBSTITUTE(SUBSTITUTE(SUBSTITUTE(SUBSTITUTE(SUBSTITUTE(SUBSTITUTE(SUBSTITUTE(C82,"(","_"),")","_"),"/","_"),":","_"),"-","_")," ","_"),"__","_"), LEN( SUBSTITUTE(SUBSTITUTE(SUBSTITUTE(SUBSTITUTE(SUBSTITUTE(SUBSTITUTE(SUBSTITUTE(C82,"(","_"),")","_"),"/","_"),":","_"),"-","_")," ","_"),"__","_") )-1 ), SUBSTITUTE(SUBSTITUTE(SUBSTITUTE(SUBSTITUTE(SUBSTITUTE(SUBSTITUTE(SUBSTITUTE(C82,"(","_"),")","_"),"/","_"),":","_"),"-","_")," ","_"),"__","_") ) ) -> type_exposure | C82: Type Exposure | D82: Setting within which the subject is exposed to animals, such as farm, slaughterhouse, food preparation. if multiple exposures are applicable, please state their type in the same order in which you reported the exposure in the field 'subject exposure'. example: backyard flock; confined animal feeding operation | E82: text | F82: internal | P82: type exposure | Q82: type exposure | V82: ENA Sample | W82: VJDB Sample | X82: Sample | Y82: Clinical | AA82: ="[" & _xlfn.TEXTJOIN(", ", TRUE, IF(I82<>"", """" & I$1 & """", ""), IF(J82<>"", """" & J$1 & """", ""), IF(K82<>"", """" & K$1 & """", ""), IF(L82<>"", """" & L$1 & """", ""), IF(M82<>"", """" & M$1 & """", ""), IF(N82<>"", """" & N$1 & """", ""), IF(O82<>"", """" & O$1 & """", ""), IF(P82<>"", """" & P$1 & """", ""), IF(Q82<>"", """" & Q$1 & """", ""), IF(R82<>"", """" & R$1 & """", ""), IF(S82<>"", """" & S$1 & """", ""), IF(T82<>"", """" & T$1 & """", ""), IF(U82<>"", """" & U$1 & """", ""), IF(X82<>"", """" & X82 & """", ""), IF(V82<>"", """" & V82 & """", ""), IF(W82<>"", """" & W82 & """", ""), IF(Y82<>"", """" & Y82 & """", ""), IF(Z82<>"", """" & Z82 & """", "") ) & "]" -> ["ENA ERC32", "ENA ERC33", "Sample", "ENA Sample", "VJDB Sample", "Clinical "] | AP82: (Optional) Setting within which the subject is exposed to animals, such as farm, slaughterhouse, food preparation. if multiple exposures are applicable, please state their type in the same order in which you reported the exposure in the field 'subject exposure'. example: backyard flock; confined animal feeding operation | AS82: (Optional) Setting within which the subject is exposed to animals, such as farm, slaughterhouse, food preparation. if multiple exposures are applicable, please state their type in the same order in which you reported the exposure in the field 'subject exposure'. example: backyard flock; confined animal feeding operation | AU82: TEXT_FIELD | AV82: optional | AW82: optional | AX82: backyard flock; confined animal feeding operation | AY82: Free text, multiple values seperated by semicolon. If there are multiple values in Subject Exposure field add equally may fields here in the same order as Subject Exposure(!) | AZ82: text | BA82: unique | BC82: metadata | BD82: no
A83: 0ez | B83: =LOWER( IF( RIGHT( SUBSTITUTE(SUBSTITUTE(SUBSTITUTE(SUBSTITUTE(SUBSTITUTE(SUBSTITUTE(SUBSTITUTE(C83,"(","_"),")","_"),"/","_"),":","_"),"-","_")," ","_"),"__","_"), 1 )="_", LEFT( SUBSTITUTE(SUBSTITUTE(SUBSTITUTE(SUBSTITUTE(SUBSTITUTE(SUBSTITUTE(SUBSTITUTE(C83,"(","_"),")","_"),"/","_"),":","_"),"-","_")," ","_"),"__","_"), LEN( SUBSTITUTE(SUBSTITUTE(SUBSTITUTE(SUBSTITUTE(SUBSTITUTE(SUBSTITUTE(SUBSTITUTE(C83,"(","_"),")","_"),"/","_"),":","_"),"-","_")," ","_"),"__","_") )-1 ), SUBSTITUTE(SUBSTITUTE(SUBSTITUTE(SUBSTITUTE(SUBSTITUTE(SUBSTITUTE(SUBSTITUTE(C83,"(","_"),")","_"),"/","_"),":","_"),"-","_")," ","_"),"__","_") ) ) -> vaccine_dosage | C83: Vaccine Dosage | D83: Dosage of the vaccine taken by the host. example: 0.05 ml | E83: float | F83: internal | P83: vaccine dosage | V83: ENA Sample | W83: VJDB Sample | X83: Sample | Y83: Clinical | AA83: ="[" & _xlfn.TEXTJOIN(", ", TRUE, IF(I83<>"", """" & I$1 & """", ""), IF(J83<>"", """" & J$1 & """", ""), IF(K83<>"", """" & K$1 & """", ""), IF(L83<>"", """" & L$1 & """", ""), IF(M83<>"", """" & M$1 & """", ""), IF(N83<>"", """" & N$1 & """", ""), IF(O83<>"", """" & O$1 & """", ""), IF(P83<>"", """" & P$1 & """", ""), IF(Q83<>"", """" & Q$1 & """", ""), IF(R83<>"", """" & R$1 & """", ""), IF(S83<>"", """" & S$1 & """", ""), IF(T83<>"", """" & T$1 & """", ""), IF(U83<>"", """" & U$1 & """", ""), IF(X83<>"", """" & X83 & """", ""), IF(V83<>"", """" & V83 & """", ""), IF(W83<>"", """" & W83 & """", ""), IF(Y83<>"", """" & Y83 & """", ""), IF(Z83<>"", """" & Z83 & """", "") ) & "]" -> ["ENA ERC32", "Sample", "ENA Sample", "VJDB Sample", "Clinical "] | AP83: (Optional) Dosage of the vaccine taken by the subject. example: 0.05 ml | AV83: optional | AW83: optional | AX83: 0.05 ml | AY83: Decimal number value followed by an empty space and the unit(!) | AZ83: text | BA83: freetext | BC83: metadata | BD83: no
A84: 0fa | B84: =LOWER( IF( RIGHT( SUBSTITUTE(SUBSTITUTE(SUBSTITUTE(SUBSTITUTE(SUBSTITUTE(SUBSTITUTE(SUBSTITUTE(C84,"(","_"),")","_"),"/","_"),":","_"),"-","_")," ","_"),"__","_"), 1 )="_", LEFT( SUBSTITUTE(SUBSTITUTE(SUBSTITUTE(SUBSTITUTE(SUBSTITUTE(SUBSTITUTE(SUBSTITUTE(C84,"(","_"),")","_"),"/","_"),":","_"),"-","_")," ","_"),"__","_"), LEN( SUBSTITUTE(SUBSTITUTE(SUBSTITUTE(SUBSTITUTE(SUBSTITUTE(SUBSTITUTE(SUBSTITUTE(C84,"(","_"),")","_"),"/","_"),":","_"),"-","_")," ","_"),"__","_") )-1 ), SUBSTITUTE(SUBSTITUTE(SUBSTITUTE(SUBSTITUTE(SUBSTITUTE(SUBSTITUTE(SUBSTITUTE(C84,"(","_"),")","_"),"/","_"),":","_"),"-","_")," ","_"),"__","_") ) ) -> vaccine_lot_number | C84: Vaccine Lot Number | D84: Lot number of the vaccine | E84: keyword | F84: internal | P84: vaccine lot number | V84: ENA Sample | W84: VJDB Sample | X84: Sample | Y84: Clinical | AA84: ="[" & _xlfn.TEXTJOIN(", ", TRUE, IF(I84<>"", """" & I$1 & """", ""), IF(J84<>"", """" & J$1 & """", ""), IF(K84<>"", """" & K$1 & """", ""), IF(L84<>"", """" & L$1 & """", ""), IF(M84<>"", """" & M$1 & """", ""), IF(N84<>"", """" & N$1 & """", ""), IF(O84<>"", """" & O$1 & """", ""), IF(P84<>"", """" & P$1 & """", ""), IF(Q84<>"", """" & Q$1 & """", ""), IF(R84<>"", """" & R$1 & """", ""), IF(S84<>"", """" & S$1 & """", ""), IF(T84<>"", """" & T$1 & """", ""), IF(U84<>"", """" & U$1 & """", ""), IF(X84<>"", """" & X84 & """", ""), IF(V84<>"", """" & V84 & """", ""), IF(W84<>"", """" & W84 & """", ""), IF(Y84<>"", """" & Y84 & """", ""), IF(Z84<>"", """" & Z84 & """", "") ) & "]" -> ["ENA ERC32", "Sample", "ENA Sample", "VJDB Sample", "Clinical "] | AC84: not sure | AP84: (Optional) Lot number of the vaccine. | AV84: optional | AW84: optional | AY84: Free text | AZ84: text | BA84: freetext | BC84: metadata | BD84: no
A85: 0fb | B85: =LOWER( IF( RIGHT( SUBSTITUTE(SUBSTITUTE(SUBSTITUTE(SUBSTITUTE(SUBSTITUTE(SUBSTITUTE(SUBSTITUTE(C85,"(","_"),")","_"),"/","_"),":","_"),"-","_")," ","_"),"__","_"), 1 )="_", LEFT( SUBSTITUTE(SUBSTITUTE(SUBSTITUTE(SUBSTITUTE(SUBSTITUTE(SUBSTITUTE(SUBSTITUTE(C85,"(","_"),")","_"),"/","_"),":","_"),"-","_")," ","_"),"__","_"), LEN( SUBSTITUTE(SUBSTITUTE(SUBSTITUTE(SUBSTITUTE(SUBSTITUTE(SUBSTITUTE(SUBSTITUTE(C85,"(","_"),")","_"),"/","_"),":","_"),"-","_")," ","_"),"__","_") )-1 ), SUBSTITUTE(SUBSTITUTE(SUBSTITUTE(SUBSTITUTE(SUBSTITUTE(SUBSTITUTE(SUBSTITUTE(C85,"(","_"),")","_"),"/","_"),":","_"),"-","_")," ","_"),"__","_") ) ) -> vaccine_manufacturer | C85: Vaccine Manufacturer | D85: Manufacturer of the vaccine. | E85: text | F85: internal | P85: vaccine manufacturer | V85: ENA Sample | W85: VJDB Sample | X85: Sample | Y85: Clinical | AA85: ="[" & _xlfn.TEXTJOIN(", ", TRUE, IF(I85<>"", """" & I$1 & """", ""), IF(J85<>"", """" & J$1 & """", ""), IF(K85<>"", """" & K$1 & """", ""), IF(L85<>"", """" & L$1 & """", ""), IF(M85<>"", """" & M$1 & """", ""), IF(N85<>"", """" & N$1 & """", ""), IF(O85<>"", """" & O$1 & """", ""), IF(P85<>"", """" & P$1 & """", ""), IF(Q85<>"", """" & Q$1 & """", ""), IF(R85<>"", """" & R$1 & """", ""), IF(S85<>"", """" & S$1 & """", ""), IF(T85<>"", """" & T$1 & """", ""), IF(U85<>"", """" & U$1 & """", ""), IF(X85<>"", """" & X85 & """", ""), IF(V85<>"", """" & V85 & """", ""), IF(W85<>"", """" & W85 & """", ""), IF(Y85<>"", """" & Y85 & """", ""), IF(Z85<>"", """" & Z85 & """", "") ) & "]" -> ["ENA ERC32", "Sample", "ENA Sample", "VJDB Sample", "Clinical "] | AC85: not sure | AP85: (Optional) Manufacturer of the vaccine. | AV85: optional | AW85: optional | AY85: Free text | AZ85: text | BA85: freetext | BC85: metadata | BD85: no
A86: 0fc | B86: =LOWER( IF( RIGHT( SUBSTITUTE(SUBSTITUTE(SUBSTITUTE(SUBSTITUTE(SUBSTITUTE(SUBSTITUTE(SUBSTITUTE(C86,"(","_"),")","_"),"/","_"),":","_"),"-","_")," ","_"),"__","_"), 1 )="_", LEFT( SUBSTITUTE(SUBSTITUTE(SUBSTITUTE(SUBSTITUTE(SUBSTITUTE(SUBSTITUTE(SUBSTITUTE(C86,"(","_"),")","_"),"/","_"),":","_"),"-","_")," ","_"),"__","_"), LEN( SUBSTITUTE(SUBSTITUTE(SUBSTITUTE(SUBSTITUTE(SUBSTITUTE(SUBSTITUTE(SUBSTITUTE(C86,"(","_"),")","_"),"/","_"),":","_"),"-","_")," ","_"),"__","_") )-1 ), SUBSTITUTE(SUBSTITUTE(SUBSTITUTE(SUBSTITUTE(SUBSTITUTE(SUBSTITUTE(SUBSTITUTE(C86,"(","_"),")","_"),"/","_"),":","_"),"-","_")," ","_"),"__","_") ) ) -> who_oie_fao_clade_required_for_hpai_h5n1_viruses | C86: WHO/OIE/FAO Clade (Required for HPAI H5N1 Viruses) | D86: WHO/OIE/FAO clade should be included for highly pathogenic h5n1 viruses. example: 2.2 | E86: text | F86: internal | P86: WHO/OIE/FAO clade (required for HPAI H5N1 viruses) | V86: ENA Sample | W86: VJDB Sample | X86: Sample | Y86: Clinical | AA86: ="[" & _xlfn.TEXTJOIN(", ", TRUE, IF(I86<>"", """" & I$1 & """", ""), IF(J86<>"", """" & J$1 & """", ""), IF(K86<>"", """" & K$1 & """", ""), IF(L86<>"", """" & L$1 & """", ""), IF(M86<>"", """" & M$1 & """", ""), IF(N86<>"", """" & N$1 & """", ""), IF(O86<>"", """" & O$1 & """", ""), IF(P86<>"", """" & P$1 & """", ""), IF(Q86<>"", """" & Q$1 & """", ""), IF(R86<>"", """" & R$1 & """", ""), IF(S86<>"", """" & S$1 & """", ""), IF(T86<>"", """" & T$1 & """", ""), IF(U86<>"", """" & U$1 & """", ""), IF(X86<>"", """" & X86 & """", ""), IF(V86<>"", """" & V86 & """", ""), IF(W86<>"", """" & W86 & """", ""), IF(Y86<>"", """" & Y86 & """", ""), IF(Z86<>"", """" & Z86 & """", "") ) & "]" -> ["ENA ERC32", "Sample", "ENA Sample", "VJDB Sample", "Clinical "] | AP86: (Optional) Who/oie/fao clade should be included for highly pathogenic h5n1 viruses. example: 2.2 | AV86: optional | AW86: optional | AX86: 2.2 | AY86: Free text | AZ86: text | BA86: freetext | BC86: metadata | BD86: no
A87: 0fd | B87: =LOWER( IF( RIGHT( SUBSTITUTE(SUBSTITUTE(SUBSTITUTE(SUBSTITUTE(SUBSTITUTE(SUBSTITUTE(SUBSTITUTE(C87,"(","_"),")","_"),"/","_"),":","_"),"-","_")," ","_"),"__","_"), 1 )="_", LEFT( SUBSTITUTE(SUBSTITUTE(SUBSTITUTE(SUBSTITUTE(SUBSTITUTE(SUBSTITUTE(SUBSTITUTE(C87,"(","_"),")","_"),"/","_"),":","_"),"-","_")," ","_"),"__","_"), LEN( SUBSTITUTE(SUBSTITUTE(SUBSTITUTE(SUBSTITUTE(SUBSTITUTE(SUBSTITUTE(SUBSTITUTE(C87,"(","_"),")","_"),"/","_"),":","_"),"-","_")," ","_"),"__","_") )-1 ), SUBSTITUTE(SUBSTITUTE(SUBSTITUTE(SUBSTITUTE(SUBSTITUTE(SUBSTITUTE(SUBSTITUTE(C87,"(","_"),")","_"),"/","_"),":","_"),"-","_")," ","_"),"__","_") ) ) -> virus_old_names | C87: Virus Old Names | D87: Collection of outdated names for a particular virus. | E87: text | F87: internal | X87: Sample | Y87: Clinical | AA87: ="[" & _xlfn.TEXTJOIN(", ", TRUE, IF(I87<>"", """" & I$1 & """", ""), IF(J87<>"", """" & J$1 & """", ""), IF(K87<>"", """" & K$1 & """", ""), IF(L87<>"", """" & L$1 & """", ""), IF(M87<>"", """" & M$1 & """", ""), IF(N87<>"", """" & N$1 & """", ""), IF(O87<>"", """" & O$1 & """", ""), IF(P87<>"", """" & P$1 & """", ""), IF(Q87<>"", """" & Q$1 & """", ""), IF(R87<>"", """" & R$1 & """", ""), IF(S87<>"", """" & S$1 & """", ""), IF(T87<>"", """" & T$1 & """", ""), IF(U87<>"", """" & U$1 & """", ""), IF(X87<>"", """" & X87 & """", ""), IF(V87<>"", """" & V87 & """", ""), IF(W87<>"", """" & W87 & """", ""), IF(Y87<>"", """" & Y87 & """", ""), IF(Z87<>"", """" & Z87 & """", "") ) & "]" -> ["Sample", "Clinical "] | AC87: no example needed | BC87: metadata | BD87: no
A88: 0fe | B88: =LOWER( IF( RIGHT( SUBSTITUTE(SUBSTITUTE(SUBSTITUTE(SUBSTITUTE(SUBSTITUTE(SUBSTITUTE(SUBSTITUTE(C88,"(","_"),")","_"),"/","_"),":","_"),"-","_")," ","_"),"__","_"), 1 )="_", LEFT( SUBSTITUTE(SUBSTITUTE(SUBSTITUTE(SUBSTITUTE(SUBSTITUTE(SUBSTITUTE(SUBSTITUTE(C88,"(","_"),")","_"),"/","_"),":","_"),"-","_")," ","_"),"__","_"), LEN( SUBSTITUTE(SUBSTITUTE(SUBSTITUTE(SUBSTITUTE(SUBSTITUTE(SUBSTITUTE(SUBSTITUTE(C88,"(","_"),")","_"),"/","_"),":","_"),"-","_")," ","_"),"__","_") )-1 ), SUBSTITUTE(SUBSTITUTE(SUBSTITUTE(SUBSTITUTE(SUBSTITUTE(SUBSTITUTE(SUBSTITUTE(C88,"(","_"),")","_"),"/","_"),":","_"),"-","_")," ","_"),"__","_") ) ) -> sequence_byte_range | C88: Sequence Byte Range | D88: Byte range data of the sample in the sequence file without the header | E88: keyword | F88: internal | X88: Internal | Z88: Workflows | AA88: ="[" & _xlfn.TEXTJOIN(", ", TRUE, IF(I88<>"", """" & I$1 & """", ""), IF(J88<>"", """" & J$1 & """", ""), IF(K88<>"", """" & K$1 & """", ""), IF(L88<>"", """" & L$1 & """", ""), IF(M88<>"", """" & M$1 & """", ""), IF(N88<>"", """" & N$1 & """", ""), IF(O88<>"", """" & O$1 & """", ""), IF(P88<>"", """" & P$1 & """", ""), IF(Q88<>"", """" & Q$1 & """", ""), IF(R88<>"", """" & R$1 & """", ""), IF(S88<>"", """" & S$1 & """", ""), IF(T88<>"", """" & T$1 & """", ""), IF(U88<>"", """" & U$1 & """", ""), IF(X88<>"", """" & X88 & """", ""), IF(V88<>"", """" & V88 & """", ""), IF(W88<>"", """" & W88 & """", ""), IF(Y88<>"", """" & Y88 & """", ""), IF(Z88<>"", """" & Z88 & """", "") ) & "]" -> ["Internal", "Workflows"] | AC88: no example needed | BC88: metadata | BD88: no
A89: 0ff | B89: =LOWER( IF( RIGHT( SUBSTITUTE(SUBSTITUTE(SUBSTITUTE(SUBSTITUTE(SUBSTITUTE(SUBSTITUTE(SUBSTITUTE(C89,"(","_"),")","_"),"/","_"),":","_"),"-","_")," ","_"),"__","_"), 1 )="_", LEFT( SUBSTITUTE(SUBSTITUTE(SUBSTITUTE(SUBSTITUTE(SUBSTITUTE(SUBSTITUTE(SUBSTITUTE(C89,"(","_"),")","_"),"/","_"),":","_"),"-","_")," ","_"),"__","_"), LEN( SUBSTITUTE(SUBSTITUTE(SUBSTITUTE(SUBSTITUTE(SUBSTITUTE(SUBSTITUTE(SUBSTITUTE(C89,"(","_"),")","_"),"/","_"),":","_"),"-","_")," ","_"),"__","_") )-1 ), SUBSTITUTE(SUBSTITUTE(SUBSTITUTE(SUBSTITUTE(SUBSTITUTE(SUBSTITUTE(SUBSTITUTE(C89,"(","_"),")","_"),"/","_"),":","_"),"-","_")," ","_"),"__","_") ) ) -> sequence_path | C89: Sequence Path | D89: The file location of the multiseq fasta file including the parent folder name | E89: keyword | F89: internal | X89: Internal | Z89: Workflows | AA89: ="[" & _xlfn.TEXTJOIN(", ", TRUE, IF(I89<>"", """" & I$1 & """", ""), IF(J89<>"", """" & J$1 & """", ""), IF(K89<>"", """" & K$1 & """", ""), IF(L89<>"", """" & L$1 & """", ""), IF(M89<>"", """" & M$1 & """", ""), IF(N89<>"", """" & N$1 & """", ""), IF(O89<>"", """" & O$1 & """", ""), IF(P89<>"", """" & P$1 & """", ""), IF(Q89<>"", """" & Q$1 & """", ""), IF(R89<>"", """" & R$1 & """", ""), IF(S89<>"", """" & S$1 & """", ""), IF(T89<>"", """" & T$1 & """", ""), IF(U89<>"", """" & U$1 & """", ""), IF(X89<>"", """" & X89 & """", ""), IF(V89<>"", """" & V89 & """", ""), IF(W89<>"", """" & W89 & """", ""), IF(Y89<>"", """" & Y89 & """", ""), IF(Z89<>"", """" & Z89 & """", "") ) & "]" -> ["Internal", "Workflows"] | AC89: no example needed | BC89: metadata | BD89: no
A90: 0fg | B90: =LOWER( IF( RIGHT( SUBSTITUTE(SUBSTITUTE(SUBSTITUTE(SUBSTITUTE(SUBSTITUTE(SUBSTITUTE(SUBSTITUTE(C90,"(","_"),")","_"),"/","_"),":","_"),"-","_")," ","_"),"__","_"), 1 )="_", LEFT( SUBSTITUTE(SUBSTITUTE(SUBSTITUTE(SUBSTITUTE(SUBSTITUTE(SUBSTITUTE(SUBSTITUTE(C90,"(","_"),")","_"),"/","_"),":","_"),"-","_")," ","_"),"__","_"), LEN( SUBSTITUTE(SUBSTITUTE(SUBSTITUTE(SUBSTITUTE(SUBSTITUTE(SUBSTITUTE(SUBSTITUTE(C90,"(","_"),")","_"),"/","_"),":","_"),"-","_")," ","_"),"__","_") )-1 ), SUBSTITUTE(SUBSTITUTE(SUBSTITUTE(SUBSTITUTE(SUBSTITUTE(SUBSTITUTE(SUBSTITUTE(C90,"(","_"),")","_"),"/","_"),":","_"),"-","_")," ","_"),"__","_") ) ) -> insertion_date | C90: Insertion Date | D90: Date of the insertion into the VirJen database | E90: date | F90: internal | X90: Internal | Z90: Workflows | AA90: ="[" & _xlfn.TEXTJOIN(", ", TRUE, IF(I90<>"", """" & I$1 & """", ""), IF(J90<>"", """" & J$1 & """", ""), IF(K90<>"", """" & K$1 & """", ""), IF(L90<>"", """" & L$1 & """", ""), IF(M90<>"", """" & M$1 & """", ""), IF(N90<>"", """" & N$1 & """", ""), IF(O90<>"", """" & O$1 & """", ""), IF(P90<>"", """" & P$1 & """", ""), IF(Q90<>"", """" & Q$1 & """", ""), IF(R90<>"", """" & R$1 & """", ""), IF(S90<>"", """" & S$1 & """", ""), IF(T90<>"", """" & T$1 & """", ""), IF(U90<>"", """" & U$1 & """", ""), IF(X90<>"", """" & X90 & """", ""), IF(V90<>"", """" & V90 & """", ""), IF(W90<>"", """" & W90 & """", ""), IF(Y90<>"", """" & Y90 & """", ""), IF(Z90<>"", """" & Z90 & """", "") ) & "]" -> ["Internal", "Workflows"] | AC90: no example needed | BC90: metadata | BD90: no
A91: 0fh | B91: =LOWER( IF( RIGHT( SUBSTITUTE(SUBSTITUTE(SUBSTITUTE(SUBSTITUTE(SUBSTITUTE(SUBSTITUTE(SUBSTITUTE(C91,"(","_"),")","_"),"/","_"),":","_"),"-","_")," ","_"),"__","_"), 1 )="_", LEFT( SUBSTITUTE(SUBSTITUTE(SUBSTITUTE(SUBSTITUTE(SUBSTITUTE(SUBSTITUTE(SUBSTITUTE(C91,"(","_"),")","_"),"/","_"),":","_"),"-","_")," ","_"),"__","_"), LEN( SUBSTITUTE(SUBSTITUTE(SUBSTITUTE(SUBSTITUTE(SUBSTITUTE(SUBSTITUTE(SUBSTITUTE(C91,"(","_"),")","_"),"/","_"),":","_"),"-","_")," ","_"),"__","_") )-1 ), SUBSTITUTE(SUBSTITUTE(SUBSTITUTE(SUBSTITUTE(SUBSTITUTE(SUBSTITUTE(SUBSTITUTE(C91,"(","_"),")","_"),"/","_"),":","_"),"-","_")," ","_"),"__","_") ) ) -> update_date | C91: Update Date | D91: The last date the metadata was updated in the VirJen database. | E91: date | F91: internal | X91: Internal | Z91: Workflows | AA91: ="[" & _xlfn.TEXTJOIN(", ", TRUE, IF(I91<>"", """" & I$1 & """", ""), IF(J91<>"", """" & J$1 & """", ""), IF(K91<>"", """" & K$1 & """", ""), IF(L91<>"", """" & L$1 & """", ""), IF(M91<>"", """" & M$1 & """", ""), IF(N91<>"", """" & N$1 & """", ""), IF(O91<>"", """" & O$1 & """", ""), IF(P91<>"", """" & P$1 & """", ""), IF(Q91<>"", """" & Q$1 & """", ""), IF(R91<>"", """" & R$1 & """", ""), IF(S91<>"", """" & S$1 & """", ""), IF(T91<>"", """" & T$1 & """", ""), IF(U91<>"", """" & U$1 & """", ""), IF(X91<>"", """" & X91 & """", ""), IF(V91<>"", """" & V91 & """", ""), IF(W91<>"", """" & W91 & """", ""), IF(Y91<>"", """" & Y91 & """", ""), IF(Z91<>"", """" & Z91 & """", "") ) & "]" -> ["Internal", "Workflows"] | BC91: metadata | BD91: range
A92: 0fj | B92: =LOWER( IF( RIGHT( SUBSTITUTE(SUBSTITUTE(SUBSTITUTE(SUBSTITUTE(SUBSTITUTE(SUBSTITUTE(SUBSTITUTE(C92,"(","_"),")","_"),"/","_"),":","_"),"-","_")," ","_"),"__","_"), 1 )="_", LEFT( SUBSTITUTE(SUBSTITUTE(SUBSTITUTE(SUBSTITUTE(SUBSTITUTE(SUBSTITUTE(SUBSTITUTE(C92,"(","_"),")","_"),"/","_"),":","_"),"-","_")," ","_"),"__","_"), LEN( SUBSTITUTE(SUBSTITUTE(SUBSTITUTE(SUBSTITUTE(SUBSTITUTE(SUBSTITUTE(SUBSTITUTE(C92,"(","_"),")","_"),"/","_"),":","_"),"-","_")," ","_"),"__","_") )-1 ), SUBSTITUTE(SUBSTITUTE(SUBSTITUTE(SUBSTITUTE(SUBSTITUTE(SUBSTITUTE(SUBSTITUTE(C92,"(","_"),")","_"),"/","_"),":","_"),"-","_")," ","_"),"__","_") ) ) -> ictv_subrealm | C92: ICTV Subrealm | D92: A 'Subrealm' is a rank in the taxonomic hierarchy into which virus species can be classified. Defined by the ICTV. | E92: text | F92: internal | S92: ictv_subrealm | X92: Taxonomy | Y92: Virus Taxonomy | Z92: ICTV Taxonomy | AA92: ="[" & _xlfn.TEXTJOIN(", ", TRUE, IF(I92<>"", """" & I$1 & """", ""), IF(J92<>"", """" & J$1 & """", ""), IF(K92<>"", """" & K$1 & """", ""), IF(L92<>"", """" & L$1 & """", ""), IF(M92<>"", """" & M$1 & """", ""), IF(N92<>"", """" & N$1 & """", ""), IF(O92<>"", """" & O$1 & """", ""), IF(P92<>"", """" & P$1 & """", ""), IF(Q92<>"", """" & Q$1 & """", ""), IF(R92<>"", """" & R$1 & """", ""), IF(S92<>"", """" & S$1 & """", ""), IF(T92<>"", """" & T$1 & """", ""), IF(U92<>"", """" & U$1 & """", ""), IF(X92<>"", """" & X92 & """", ""), IF(V92<>"", """" & V92 & """", ""), IF(W92<>"", """" & W92 & """", ""), IF(Y92<>"", """" & Y92 & """", ""), IF(Z92<>"", """" & Z92 & """", "") ) & "]" -> ["PHD", "Taxonomy", "Virus Taxonomy", "ICTV Taxonomy"] | AB92: ICTV | AC92: no example needed | BB92: Subrealm | BC92: taxonomy | BD92: exact
A93: 0fl | B93: =LOWER( IF( RIGHT( SUBSTITUTE(SUBSTITUTE(SUBSTITUTE(SUBSTITUTE(SUBSTITUTE(SUBSTITUTE(SUBSTITUTE(C93,"(","_"),")","_"),"/","_"),":","_"),"-","_")," ","_"),"__","_"), 1 )="_", LEFT( SUBSTITUTE(SUBSTITUTE(SUBSTITUTE(SUBSTITUTE(SUBSTITUTE(SUBSTITUTE(SUBSTITUTE(C93,"(","_"),")","_"),"/","_"),":","_"),"-","_")," ","_"),"__","_"), LEN( SUBSTITUTE(SUBSTITUTE(SUBSTITUTE(SUBSTITUTE(SUBSTITUTE(SUBSTITUTE(SUBSTITUTE(C93,"(","_"),")","_"),"/","_"),":","_"),"-","_")," ","_"),"__","_") )-1 ), SUBSTITUTE(SUBSTITUTE(SUBSTITUTE(SUBSTITUTE(SUBSTITUTE(SUBSTITUTE(SUBSTITUTE(C93,"(","_"),")","_"),"/","_"),":","_"),"-","_")," ","_"),"__","_") ) ) -> ictv_subkingdom | C93: ICTV Subkingdom | D93: A 'Subkingdom' is a rank in the taxonomic hierarchy into which virus species can be classified. Defined by the ICTV. | E93: text | F93: internal | S93: ictv_subkingdom | X93: Taxonomy | Y93: Virus Taxonomy | Z93: ICTV Taxonomy | AA93: ="[" & _xlfn.TEXTJOIN(", ", TRUE, IF(I93<>"", """" & I$1 & """", ""), IF(J93<>"", """" & J$1 & """", ""), IF(K93<>"", """" & K$1 & """", ""), IF(L93<>"", """" & L$1 & """", ""), IF(M93<>"", """" & M$1 & """", ""), IF(N93<>"", """" & N$1 & """", ""), IF(O93<>"", """" & O$1 & """", ""), IF(P93<>"", """" & P$1 & """", ""), IF(Q93<>"", """" & Q$1 & """", ""), IF(R93<>"", """" & R$1 & """", ""), IF(S93<>"", """" & S$1 & """", ""), IF(T93<>"", """" & T$1 & """", ""), IF(U93<>"", """" & U$1 & """", ""), IF(X93<>"", """" & X93 & """", ""), IF(V93<>"", """" & V93 & """", ""), IF(W93<>"", """" & W93 & """", ""), IF(Y93<>"", """" & Y93 & """", ""), IF(Z93<>"", """" & Z93 & """", "") ) & "]" -> ["PHD", "Taxonomy", "Virus Taxonomy", "ICTV Taxonomy"] | AB93: ICTV | AC93: no example needed | BB93: Subkingdom | BC93: taxonomy | BD93: exact
A94: 0fp | B94: =LOWER( IF( RIGHT( SUBSTITUTE(SUBSTITUTE(SUBSTITUTE(SUBSTITUTE(SUBSTITUTE(SUBSTITUTE(SUBSTITUTE(C94,"(","_"),")","_"),"/","_"),":","_"),"-","_")," ","_"),"__","_"), 1 )="_", LEFT( SUBSTITUTE(SUBSTITUTE(SUBSTITUTE(SUBSTITUTE(SUBSTITUTE(SUBSTITUTE(SUBSTITUTE(C94,"(","_"),")","_"),"/","_"),":","_"),"-","_")," ","_"),"__","_"), LEN( SUBSTITUTE(SUBSTITUTE(SUBSTITUTE(SUBSTITUTE(SUBSTITUTE(SUBSTITUTE(SUBSTITUTE(C94,"(","_"),")","_"),"/","_"),":","_"),"-","_")," ","_"),"__","_") )-1 ), SUBSTITUTE(SUBSTITUTE(SUBSTITUTE(SUBSTITUTE(SUBSTITUTE(SUBSTITUTE(SUBSTITUTE(C94,"(","_"),")","_"),"/","_"),":","_"),"-","_")," ","_"),"__","_") ) ) -> ictv_subclass | C94: ICTV Subclass | D94: A 'Subclass' is a rank in the taxonomic hierarchy into which virus species can be classified. Defined by the ICTV. | E94: text | F94: internal | S94: ictv_subclass | X94: Taxonomy | Y94: Virus Taxonomy | Z94: ICTV Taxonomy | AA94: ="[" & _xlfn.TEXTJOIN(", ", TRUE, IF(I94<>"", """" & I$1 & """", ""), IF(J94<>"", """" & J$1 & """", ""), IF(K94<>"", """" & K$1 & """", ""), IF(L94<>"", """" & L$1 & """", ""), IF(M94<>"", """" & M$1 & """", ""), IF(N94<>"", """" & N$1 & """", ""), IF(O94<>"", """" & O$1 & """", ""), IF(P94<>"", """" & P$1 & """", ""), IF(Q94<>"", """" & Q$1 & """", ""), IF(R94<>"", """" & R$1 & """", ""), IF(S94<>"", """" & S$1 & """", ""), IF(T94<>"", """" & T$1 & """", ""), IF(U94<>"", """" & U$1 & """", ""), IF(X94<>"", """" & X94 & """", ""), IF(V94<>"", """" & V94 & """", ""), IF(W94<>"", """" & W94 & """", ""), IF(Y94<>"", """" & Y94 & """", ""), IF(Z94<>"", """" & Z94 & """", "") ) & "]" -> ["PHD", "Taxonomy", "Virus Taxonomy", "ICTV Taxonomy"] | AB94: ICTV | AC94: no example needed | BB94: Subclass | BC94: taxonomy | BD94: exact
A95: 0fy | B95: =LOWER( IF( RIGHT( SUBSTITUTE(SUBSTITUTE(SUBSTITUTE(SUBSTITUTE(SUBSTITUTE(SUBSTITUTE(SUBSTITUTE(C95,"(","_"),")","_"),"/","_"),":","_"),"-","_")," ","_"),"__","_"), 1 )="_", LEFT( SUBSTITUTE(SUBSTITUTE(SUBSTITUTE(SUBSTITUTE(SUBSTITUTE(SUBSTITUTE(SUBSTITUTE(C95,"(","_"),")","_"),"/","_"),":","_"),"-","_")," ","_"),"__","_"), LEN( SUBSTITUTE(SUBSTITUTE(SUBSTITUTE(SUBSTITUTE(SUBSTITUTE(SUBSTITUTE(SUBSTITUTE(C95,"(","_"),")","_"),"/","_"),":","_"),"-","_")," ","_"),"__","_") )-1 ), SUBSTITUTE(SUBSTITUTE(SUBSTITUTE(SUBSTITUTE(SUBSTITUTE(SUBSTITUTE(SUBSTITUTE(C95,"(","_"),")","_"),"/","_"),":","_"),"-","_")," ","_"),"__","_") ) ) -> ncbi_subrealm | C95: NCBI Subrealm | D95: A 'Subrealm' is a rank in the taxonomic hierarchy into which virus species can be classified. Defined by the NCBI. | E95: text | F95: internal | S95: ncbi_subrealm | X95: Taxonomy | Y95: Virus Taxonomy | Z95: NCBI Taxonomy | AA95: ="[" & _xlfn.TEXTJOIN(", ", TRUE, IF(I95<>"", """" & I$1 & """", ""), IF(J95<>"", """" & J$1 & """", ""), IF(K95<>"", """" & K$1 & """", ""), IF(L95<>"", """" & L$1 & """", ""), IF(M95<>"", """" & M$1 & """", ""), IF(N95<>"", """" & N$1 & """", ""), IF(O95<>"", """" & O$1 & """", ""), IF(P95<>"", """" & P$1 & """", ""), IF(Q95<>"", """" & Q$1 & """", ""), IF(R95<>"", """" & R$1 & """", ""), IF(S95<>"", """" & S$1 & """", ""), IF(T95<>"", """" & T$1 & """", ""), IF(U95<>"", """" & U$1 & """", ""), IF(X95<>"", """" & X95 & """", ""), IF(V95<>"", """" & V95 & """", ""), IF(W95<>"", """" & W95 & """", ""), IF(Y95<>"", """" & Y95 & """", ""), IF(Z95<>"", """" & Z95 & """", "") ) & "]" -> ["PHD", "Taxonomy", "Virus Taxonomy", "NCBI Taxonomy"] | AC95: no example needed | BC95: metadata | BD95: exact
A96: 0ga | B96: =LOWER( IF( RIGHT( SUBSTITUTE(SUBSTITUTE(SUBSTITUTE(SUBSTITUTE(SUBSTITUTE(SUBSTITUTE(SUBSTITUTE(C96,"(","_"),")","_"),"/","_"),":","_"),"-","_")," ","_"),"__","_"), 1 )="_", LEFT( SUBSTITUTE(SUBSTITUTE(SUBSTITUTE(SUBSTITUTE(SUBSTITUTE(SUBSTITUTE(SUBSTITUTE(C96,"(","_"),")","_"),"/","_"),":","_"),"-","_")," ","_"),"__","_"), LEN( SUBSTITUTE(SUBSTITUTE(SUBSTITUTE(SUBSTITUTE(SUBSTITUTE(SUBSTITUTE(SUBSTITUTE(C96,"(","_"),")","_"),"/","_"),":","_"),"-","_")," ","_"),"__","_") )-1 ), SUBSTITUTE(SUBSTITUTE(SUBSTITUTE(SUBSTITUTE(SUBSTITUTE(SUBSTITUTE(SUBSTITUTE(C96,"(","_"),")","_"),"/","_"),":","_"),"-","_")," ","_"),"__","_") ) ) -> ncbi_subkingdom | C96: NCBI Subkingdom | D96: A 'Subkingdom' is a rank in the taxonomic hierarchy into which virus species can be classified. Defined by the NCBI. | E96: text | F96: internal | S96: ncbi_subkingdom | X96: Taxonomy | Y96: Virus Taxonomy | Z96: NCBI Taxonomy | AA96: ="[" & _xlfn.TEXTJOIN(", ", TRUE, IF(I96<>"", """" & I$1 & """", ""), IF(J96<>"", """" & J$1 & """", ""), IF(K96<>"", """" & K$1 & """", ""), IF(L96<>"", """" & L$1 & """", ""), IF(M96<>"", """" & M$1 & """", ""), IF(N96<>"", """" & N$1 & """", ""), IF(O96<>"", """" & O$1 & """", ""), IF(P96<>"", """" & P$1 & """", ""), IF(Q96<>"", """" & Q$1 & """", ""), IF(R96<>"", """" & R$1 & """", ""), IF(S96<>"", """" & S$1 & """", ""), IF(T96<>"", """" & T$1 & """", ""), IF(U96<>"", """" & U$1 & """", ""), IF(X96<>"", """" & X96 & """", ""), IF(V96<>"", """" & V96 & """", ""), IF(W96<>"", """" & W96 & """", ""), IF(Y96<>"", """" & Y96 & """", ""), IF(Z96<>"", """" & Z96 & """", "") ) & "]" -> ["PHD", "Taxonomy", "Virus Taxonomy", "NCBI Taxonomy"] | AC96: no example needed | BC96: metadata | BD96: exact
A97: 0ge | B97: =LOWER( IF( RIGHT( SUBSTITUTE(SUBSTITUTE(SUBSTITUTE(SUBSTITUTE(SUBSTITUTE(SUBSTITUTE(SUBSTITUTE(C97,"(","_"),")","_"),"/","_"),":","_"),"-","_")," ","_"),"__","_"), 1 )="_", LEFT( SUBSTITUTE(SUBSTITUTE(SUBSTITUTE(SUBSTITUTE(SUBSTITUTE(SUBSTITUTE(SUBSTITUTE(C97,"(","_"),")","_"),"/","_"),":","_"),"-","_")," ","_"),"__","_"), LEN( SUBSTITUTE(SUBSTITUTE(SUBSTITUTE(SUBSTITUTE(SUBSTITUTE(SUBSTITUTE(SUBSTITUTE(C97,"(","_"),")","_"),"/","_"),":","_"),"-","_")," ","_"),"__","_") )-1 ), SUBSTITUTE(SUBSTITUTE(SUBSTITUTE(SUBSTITUTE(SUBSTITUTE(SUBSTITUTE(SUBSTITUTE(C97,"(","_"),")","_"),"/","_"),":","_"),"-","_")," ","_"),"__","_") ) ) -> ncbi_subclass | C97: NCBI Subclass | D97: A 'Subclass' is a rank in the taxonomic hierarchy into which virus species can be classified. Defined by the NCBI. | E97: text | F97: internal | S97: ncbi_subclass | X97: Taxonomy | Y97: Virus Taxonomy | Z97: NCBI Taxonomy | AA97: ="[" & _xlfn.TEXTJOIN(", ", TRUE, IF(I97<>"", """" & I$1 & """", ""), IF(J97<>"", """" & J$1 & """", ""), IF(K97<>"", """" & K$1 & """", ""), IF(L97<>"", """" & L$1 & """", ""), IF(M97<>"", """" & M$1 & """", ""), IF(N97<>"", """" & N$1 & """", ""), IF(O97<>"", """" & O$1 & """", ""), IF(P97<>"", """" & P$1 & """", ""), IF(Q97<>"", """" & Q$1 & """", ""), IF(R97<>"", """" & R$1 & """", ""), IF(S97<>"", """" & S$1 & """", ""), IF(T97<>"", """" & T$1 & """", ""), IF(U97<>"", """" & U$1 & """", ""), IF(X97<>"", """" & X97 & """", ""), IF(V97<>"", """" & V97 & """", ""), IF(W97<>"", """" & W97 & """", ""), IF(Y97<>"", """" & Y97 & """", ""), IF(Z97<>"", """" & Z97 & """", "") ) & "]" -> ["PHD", "Taxonomy", "Virus Taxonomy", "NCBI Taxonomy"] | AC97: no example needed | BC97: metadata | BD97: exact
A98: 0gq | B98: =LOWER( IF( RIGHT( SUBSTITUTE(SUBSTITUTE(SUBSTITUTE(SUBSTITUTE(SUBSTITUTE(SUBSTITUTE(SUBSTITUTE(C98,"(","_"),")","_"),"/","_"),":","_"),"-","_")," ","_"),"__","_"), 1 )="_", LEFT( SUBSTITUTE(SUBSTITUTE(SUBSTITUTE(SUBSTITUTE(SUBSTITUTE(SUBSTITUTE(SUBSTITUTE(C98,"(","_"),")","_"),"/","_"),":","_"),"-","_")," ","_"),"__","_"), LEN( SUBSTITUTE(SUBSTITUTE(SUBSTITUTE(SUBSTITUTE(SUBSTITUTE(SUBSTITUTE(SUBSTITUTE(C98,"(","_"),")","_"),"/","_"),":","_"),"-","_")," ","_"),"__","_") )-1 ), SUBSTITUTE(SUBSTITUTE(SUBSTITUTE(SUBSTITUTE(SUBSTITUTE(SUBSTITUTE(SUBSTITUTE(C98,"(","_"),")","_"),"/","_"),":","_"),"-","_")," ","_"),"__","_") ) ) -> host_age_normalized | C98: Host Age Normalized | D98: Host Ages in a uniform unit, TBD | E98: integer | F98: internal | X98: Host | Y98: Clinical | AA98: ="[" & _xlfn.TEXTJOIN(", ", TRUE, IF(I98<>"", """" & I$1 & """", ""), IF(J98<>"", """" & J$1 & """", ""), IF(K98<>"", """" & K$1 & """", ""), IF(L98<>"", """" & L$1 & """", ""), IF(M98<>"", """" & M$1 & """", ""), IF(N98<>"", """" & N$1 & """", ""), IF(O98<>"", """" & O$1 & """", ""), IF(P98<>"", """" & P$1 & """", ""), IF(Q98<>"", """" & Q$1 & """", ""), IF(R98<>"", """" & R$1 & """", ""), IF(S98<>"", """" & S$1 & """", ""), IF(T98<>"", """" & T$1 & """", ""), IF(U98<>"", """" & U$1 & """", ""), IF(X98<>"", """" & X98 & """", ""), IF(V98<>"", """" & V98 & """", ""), IF(W98<>"", """" & W98 & """", ""), IF(Y98<>"", """" & Y98 & """", ""), IF(Z98<>"", """" & Z98 & """", "") ) & "]" -> ["Host", "Clinical "] | AB98: VJDB | AC98: Use for sorting by host age, and relevant for plotting; not sure | BC98: metadata | BD98: range
A99: 0gs | B99: =LOWER( IF( RIGHT( SUBSTITUTE(SUBSTITUTE(SUBSTITUTE(SUBSTITUTE(SUBSTITUTE(SUBSTITUTE(SUBSTITUTE(C99,"(","_"),")","_"),"/","_"),":","_"),"-","_")," ","_"),"__","_"), 1 )="_", LEFT( SUBSTITUTE(SUBSTITUTE(SUBSTITUTE(SUBSTITUTE(SUBSTITUTE(SUBSTITUTE(SUBSTITUTE(C99,"(","_"),")","_"),"/","_"),":","_"),"-","_")," ","_"),"__","_"), LEN( SUBSTITUTE(SUBSTITUTE(SUBSTITUTE(SUBSTITUTE(SUBSTITUTE(SUBSTITUTE(SUBSTITUTE(C99,"(","_"),")","_"),"/","_"),":","_"),"-","_")," ","_"),"__","_") )-1 ), SUBSTITUTE(SUBSTITUTE(SUBSTITUTE(SUBSTITUTE(SUBSTITUTE(SUBSTITUTE(SUBSTITUTE(C99,"(","_"),")","_"),"/","_"),":","_"),"-","_")," ","_"),"__","_") ) ) -> lab_passaged | C99: Lab Passaged | D99: Indicator that sequences came from samples from a laboratory setting, and not from a wild host. | E99: keyword | F99: internal | X99: Sample | Y99: Virus Info | AA99: ="[" & _xlfn.TEXTJOIN(", ", TRUE, IF(I99<>"", """" & I$1 & """", ""), IF(J99<>"", """" & J$1 & """", ""), IF(K99<>"", """" & K$1 & """", ""), IF(L99<>"", """" & L$1 & """", ""), IF(M99<>"", """" & M$1 & """", ""), IF(N99<>"", """" & N$1 & """", ""), IF(O99<>"", """" & O$1 & """", ""), IF(P99<>"", """" & P$1 & """", ""), IF(Q99<>"", """" & Q$1 & """", ""), IF(R99<>"", """" & R$1 & """", ""), IF(S99<>"", """" & S$1 & """", ""), IF(T99<>"", """" & T$1 & """", ""), IF(U99<>"", """" & U$1 & """", ""), IF(X99<>"", """" & X99 & """", ""), IF(V99<>"", """" & V99 & """", ""), IF(W99<>"", """" & W99 & """", ""), IF(Y99<>"", """" & Y99 & """", ""), IF(Z99<>"", """" & Z99 & """", "") ) & "]" -> ["Sample", "Virus Info"] | AB99: NCBI Virus | AC99: not sure | BC99: metadata | BD99: no
